,artistId,artistName,artistViewUrl,artworkUrl100,artworkUrl30,artworkUrl60,collectionArtistId,collectionArtistName,collectionArtistViewUrl,collectionCensoredName,collectionExplicitness,collectionId,collectionName,collectionPrice,collectionViewUrl,contentAdvisoryRating,country,currency,discCount,discNumber,isStreamable,kind,previewUrl,primaryGenreName,releaseDate,trackCensoredName,trackCount,trackExplicitness,trackId,trackName,trackNumber,trackPrice,trackTimeMillis,trackViewUrl,wrapperType
0,1065981054,Billie Eilish,https://music.apple.com/us/artist/billie-eilish/1065981054?uo=4,https://is5-ssl.mzstatic.com/image/thumb/Music114/v4/ff/4a/eb/ff4aeb7c-7f2d-1d18-d7cc-51c107c70bad/source/100x100bb.jpg,https://is5-ssl.mzstatic.com/image/thumb/Music114/v4/ff/4a/eb/ff4aeb7c-7f2d-1d18-d7cc-51c107c70bad/source/30x30bb.jpg,https://is5-ssl.mzstatic.com/image/thumb/Music114/v4/ff/4a/eb/ff4aeb7c-7f2d-1d18-d7cc-51c107c70bad/source/60x60bb.jpg,,,,"WHEN WE ALL FALL ASLEEP, WHERE DO WE GO?",notExplicit,1450695723.0,"WHEN WE ALL FALL ASLEEP, WHERE DO WE GO?",9.99,https://music.apple.com/us/album/bad-guy/1450695723?i=1450695739&uo=4,,USA,USD,1.0,1.0,True,song,https://audio-ssl.itunes.apple.com/itunes-assets/AudioPreview113/v4/5e/2f/80/5e2f8029-d77b-d097-08f5-b7ee25c57ff3/mzaf_2579071016942610640.plus.aac.p.m4a,Alternative,2019-03-29T12:00:00Z,bad guy,14.0,notExplicit,1450695739,bad guy,2.0,1.29,194088,https://music.apple.com/us/album/bad-guy/1450695723?i=1450695739&uo=4,track
1,1065981054,Billie Eilish,https://music.apple.com/us/artist/billie-eilish/1065981054?uo=4,https://is2-ssl.mzstatic.com/image/thumb/Music113/v4/e1/02/be/e102be99-56f6-e19f-bfc5-bf06aacd172e/source/100x100bb.jpg,https://is2-ssl.mzstatic.com/image/thumb/Music113/v4/e1/02/be/e102be99-56f6-e19f-bfc5-bf06aacd172e/source/30x30bb.jpg,https://is2-ssl.mzstatic.com/image/thumb/Music113/v4/e1/02/be/e102be99-56f6-e19f-bfc5-bf06aacd172e/source/60x60bb.jpg,,,,everything i wanted - Single,notExplicit,1487502456.0,everything i wanted - Single,1.29,https://music.apple.com/us/album/everything-i-wanted/1487502456?i=1487502476&uo=4,,USA,USD,1.0,1.0,True,song,https://audio-ssl.itunes.apple.com/itunes-assets/AudioPreview123/v4/72/cf/5a/72cf5ad7-e1b3-d6ce-84b1-973d0b52d10b/mzaf_2144917941139718442.plus.aac.p.m4a,Alternative,2019-11-13T08:00:00Z,everything i wanted,1.0,notExplicit,1487502476,everything i wanted,1.0,1.29,245426,https://music.apple.com/us/album/everything-i-wanted/1487502456?i=1487502476&uo=4,track
2,1065981054,Billie Eilish,https://music.apple.com/us/artist/billie-eilish/1065981054?uo=4,https://is5-ssl.mzstatic.com/image/thumb/Music114/v4/ff/4a/eb/ff4aeb7c-7f2d-1d18-d7cc-51c107c70bad/source/100x100bb.jpg,https://is5-ssl.mzstatic.com/image/thumb/Music114/v4/ff/4a/eb/ff4aeb7c-7f2d-1d18-d7cc-51c107c70bad/source/30x30bb.jpg,https://is5-ssl.mzstatic.com/image/thumb/Music114/v4/ff/4a/eb/ff4aeb7c-7f2d-1d18-d7cc-51c107c70bad/source/60x60bb.jpg,,,,"WHEN WE ALL FALL ASLEEP, WHERE DO WE GO?",notExplicit,1450695723.0,"WHEN WE ALL FALL ASLEEP, WHERE DO WE GO?",9.99,https://music.apple.com/us/album/when-the-partys-over/1450695723?i=1450695872&uo=4,,USA,USD,1.0,1.0,True,song,https://audio-ssl.itunes.apple.com/itunes-assets/AudioPreview113/v4/75/27/61/752761e0-4a29-2f72-8842-ecc726bb631b/mzaf_3061130742732162597.plus.aac.p.m4a,Alternative,2018-10-17T07:00:00Z,when the party's over,14.0,notExplicit,1450695872,when the party's over,7.0,1.29,196077,https://music.apple.com/us/album/when-the-partys-over/1450695723?i=1450695872&uo=4,track
3,1065981054,Billie Eilish,https://music.apple.com/us/artist/billie-eilish/1065981054?uo=4,https://is5-ssl.mzstatic.com/image/thumb/Music118/v4/27/16/b2/2716b250-73c9-19df-d482-fdf20f385af4/source/100x100bb.jpg,https://is5-ssl.mzstatic.com/image/thumb/Music118/v4/27/16/b2/2716b250-73c9-19df-d482-fdf20f385af4/source/30x30bb.jpg,https://is5-ssl.mzstatic.com/image/thumb/Music118/v4/27/16/b2/2716b250-73c9-19df-d482-fdf20f385af4/source/60x60bb.jpg,,,,dont smile at me,notExplicit,1440898929.0,dont smile at me,8.99,https://music.apple.com/us/album/ocean-eyes/1440898929?i=1440899467&uo=4,,USA,USD,1.0,1.0,True,song,https://audio-ssl.itunes.apple.com/itunes-assets/AudioPreview118/v4/e3/31/2e/e3312ef3-cd97-b892-382e-f2f19035a7ba/mzaf_3021544835982960274.plus.aac.p.m4a,Alternative,2016-05-18T12:00:00Z,ocean eyes,9.0,notExplicit,1440899467,ocean eyes,7.0,1.29,200379,https://music.apple.com/us/album/ocean-eyes/1440898929?i=1440899467&uo=4,track
4,1065981054,Billie Eilish & Khalid,https://music.apple.com/us/artist/billie-eilish/1065981054?uo=4,https://is2-ssl.mzstatic.com/image/thumb/Music118/v4/86/44/7e/86447ea9-4976-d71c-f50a-ac41011d40fd/source/100x100bb.jpg,https://is2-ssl.mzstatic.com/image/thumb/Music118/v4/86/44/7e/86447ea9-4976-d71c-f50a-ac41011d40fd/source/30x30bb.jpg,https://is2-ssl.mzstatic.com/image/thumb/Music118/v4/86/44/7e/86447ea9-4976-d71c-f50a-ac41011d40fd/source/60x60bb.jpg,,,,lovely - Single,notExplicit,1369379667.0,lovely - Single,1.29,https://music.apple.com/us/album/lovely/1369379667?i=1369380479&uo=4,,USA,USD,1.0,1.0,True,song,https://audio-ssl.itunes.apple.com/itunes-assets/AudioPreview118/v4/78/18/3a/78183ab6-c0f8-3bec-eef9-0ddcb415d84c/mzaf_531327084019197515.plus.aac.p.m4a,Pop,2018-04-19T12:00:00Z,lovely,1.0,notExplicit,1369380479,lovely,1.0,1.29,200187,https://music.apple.com/us/album/lovely/1369379667?i=1369380479&uo=4,track
5,1065981054,Billie Eilish,https://music.apple.com/us/artist/billie-eilish/1065981054?uo=4,https://is5-ssl.mzstatic.com/image/thumb/Music114/v4/ff/4a/eb/ff4aeb7c-7f2d-1d18-d7cc-51c107c70bad/source/100x100bb.jpg,https://is5-ssl.mzstatic.com/image/thumb/Music114/v4/ff/4a/eb/ff4aeb7c-7f2d-1d18-d7cc-51c107c70bad/source/30x30bb.jpg,https://is5-ssl.mzstatic.com/image/thumb/Music114/v4/ff/4a/eb/ff4aeb7c-7f2d-1d18-d7cc-51c107c70bad/source/60x60bb.jpg,,,,"WHEN WE ALL FALL ASLEEP, WHERE DO WE GO?",notExplicit,1450695723.0,"WHEN WE ALL FALL ASLEEP, WHERE DO WE GO?",9.99,https://music.apple.com/us/album/you-should-see-me-in-a-crown/1450695723?i=1450695745&uo=4,,USA,USD,1.0,1.0,True,song,https://audio-ssl.itunes.apple.com/itunes-assets/AudioPreview113/v4/da/25/76/da2576fe-08f7-ee5f-475f-5119b61f7a41/mzaf_7259940249221981416.plus.aac.p.m4a,Alternative,2018-07-20T07:00:00Z,you should see me in a crown,14.0,notExplicit,1450695745,you should see me in a crown,4.0,1.29,180953,https://music.apple.com/us/album/you-should-see-me-in-a-crown/1450695723?i=1450695745&uo=4,track
6,1065981054,Billie Eilish,https://music.apple.com/us/artist/billie-eilish/1065981054?uo=4,https://is5-ssl.mzstatic.com/image/thumb/Music114/v4/ff/4a/eb/ff4aeb7c-7f2d-1d18-d7cc-51c107c70bad/source/100x100bb.jpg,https://is5-ssl.mzstatic.com/image/thumb/Music114/v4/ff/4a/eb/ff4aeb7c-7f2d-1d18-d7cc-51c107c70bad/source/30x30bb.jpg,https://is5-ssl.mzstatic.com/image/thumb/Music114/v4/ff/4a/eb/ff4aeb7c-7f2d-1d18-d7cc-51c107c70bad/source/60x60bb.jpg,,,,"WHEN WE ALL FALL ASLEEP, WHERE DO WE GO?",notExplicit,1450695723.0,"WHEN WE ALL FALL ASLEEP, WHERE DO WE GO?",9.99,https://music.apple.com/us/album/bury-a-friend/1450695723?i=1450695881&uo=4,,USA,USD,1.0,1.0,True,song,https://audio-ssl.itunes.apple.com/itunes-assets/AudioPreview113/v4/e0/63/8f/e0638fe6-c1a6-1dcf-c05e-242a67d12eaa/mzaf_207709894951372601.plus.aac.p.m4a,Alternative,2019-01-30T08:00:00Z,bury a friend,14.0,notExplicit,1450695881,bury a friend,10.0,1.29,193149,https://music.apple.com/us/album/bury-a-friend/1450695723?i=1450695881&uo=4,track
7,1065981054,Billie Eilish,https://music.apple.com/us/artist/billie-eilish/1065981054?uo=4,https://is5-ssl.mzstatic.com/image/thumb/Music114/v4/ff/4a/eb/ff4aeb7c-7f2d-1d18-d7cc-51c107c70bad/source/100x100bb.jpg,https://is5-ssl.mzstatic.com/image/thumb/Music114/v4/ff/4a/eb/ff4aeb7c-7f2d-1d18-d7cc-51c107c70bad/source/30x30bb.jpg,https://is5-ssl.mzstatic.com/image/thumb/Music114/v4/ff/4a/eb/ff4aeb7c-7f2d-1d18-d7cc-51c107c70bad/source/60x60bb.jpg,,,,"WHEN WE ALL FALL ASLEEP, WHERE DO WE GO?",notExplicit,1450695723.0,"WHEN WE ALL FALL ASLEEP, WHERE DO WE GO?",9.99,https://music.apple.com/us/album/all-the-good-girls-go-to-hell/1450695723?i=1450695867&uo=4,,USA,USD,1.0,1.0,True,song,https://audio-ssl.itunes.apple.com/itunes-assets/AudioPreview113/v4/ca/1a/2c/ca1a2c64-22d2-61c3-56fd-0ae8b3486b83/mzaf_7185685732643353326.plus.aac.p.m4a,Alternative,2019-03-29T12:00:00Z,all the good girls go to hell,14.0,notExplicit,1450695867,all the good girls go to hell,5.0,1.29,168840,https://music.apple.com/us/album/all-the-good-girls-go-to-hell/1450695723?i=1450695867&uo=4,track
8,1065981054,Billie Eilish,https://music.apple.com/us/artist/billie-eilish/1065981054?uo=4,https://is5-ssl.mzstatic.com/image/thumb/Music118/v4/27/16/b2/2716b250-73c9-19df-d482-fdf20f385af4/source/100x100bb.jpg,https://is5-ssl.mzstatic.com/image/thumb/Music118/v4/27/16/b2/2716b250-73c9-19df-d482-fdf20f385af4/source/30x30bb.jpg,https://is5-ssl.mzstatic.com/image/thumb/Music118/v4/27/16/b2/2716b250-73c9-19df-d482-fdf20f385af4/source/60x60bb.jpg,,,,dont smile at me,notExplicit,1440898929.0,dont smile at me,8.99,https://music.apple.com/us/album/bellyache/1440898929?i=1440899447&uo=4,,USA,USD,1.0,1.0,True,song,https://audio-ssl.itunes.apple.com/itunes-assets/AudioPreview128/v4/4a/ff/f8/4afff8af-3b60-f1a3-0425-17e74db3a94d/mzaf_7607388181614404148.plus.aac.p.m4a,Alternative,2017-02-24T12:00:00Z,bellyache,9.0,notExplicit,1440899447,bellyache,6.0,1.29,179172,https://music.apple.com/us/album/bellyache/1440898929?i=1440899447&uo=4,track
9,1065981054,Billie Eilish,https://music.apple.com/us/artist/billie-eilish/1065981054?uo=4,https://is5-ssl.mzstatic.com/image/thumb/Music114/v4/ff/4a/eb/ff4aeb7c-7f2d-1d18-d7cc-51c107c70bad/source/100x100bb.jpg,https://is5-ssl.mzstatic.com/image/thumb/Music114/v4/ff/4a/eb/ff4aeb7c-7f2d-1d18-d7cc-51c107c70bad/source/30x30bb.jpg,https://is5-ssl.mzstatic.com/image/thumb/Music114/v4/ff/4a/eb/ff4aeb7c-7f2d-1d18-d7cc-51c107c70bad/source/60x60bb.jpg,,,,"WHEN WE ALL FALL ASLEEP, WHERE DO WE GO?",notExplicit,1450695723.0,"WHEN WE ALL FALL ASLEEP, WHERE DO WE GO?",9.99,https://music.apple.com/us/album/my-strange-addiction/1450695723?i=1450695877&uo=4,,USA,USD,1.0,1.0,True,song,https://audio-ssl.itunes.apple.com/itunes-assets/AudioPreview123/v4/44/41/a2/4441a250-a483-8a16-217b-c5387f168737/mzaf_4451364313432367324.plus.aac.p.m4a,Alternative,2019-03-29T12:00:00Z,my strange addiction,14.0,notExplicit,1450695877,my strange addiction,9.0,1.29,179884,https://music.apple.com/us/album/my-strange-addiction/1450695723?i=1450695877&uo=4,track
10,1065981054,Billie Eilish,https://music.apple.com/us/artist/billie-eilish/1065981054?uo=4,https://is5-ssl.mzstatic.com/image/thumb/Music118/v4/27/16/b2/2716b250-73c9-19df-d482-fdf20f385af4/source/100x100bb.jpg,https://is5-ssl.mzstatic.com/image/thumb/Music118/v4/27/16/b2/2716b250-73c9-19df-d482-fdf20f385af4/source/30x30bb.jpg,https://is5-ssl.mzstatic.com/image/thumb/Music118/v4/27/16/b2/2716b250-73c9-19df-d482-fdf20f385af4/source/60x60bb.jpg,,,,dont smile at me,notExplicit,1440898929.0,dont smile at me,8.99,https://music.apple.com/us/album/idontwannabeyouanymore/1440898929?i=1440899127&uo=4,,USA,USD,1.0,1.0,True,song,https://audio-ssl.itunes.apple.com/itunes-assets/AudioPreview128/v4/d4/4d/e7/d44de780-43f0-f1bc-f9b7-1eb1c49d097e/mzaf_1936824350939226649.plus.aac.p.m4a,Alternative,2017-07-20T12:00:00Z,idontwannabeyouanymore,9.0,notExplicit,1440899127,idontwannabeyouanymore,2.0,1.29,203569,https://music.apple.com/us/album/idontwannabeyouanymore/1440898929?i=1440899127&uo=4,track
11,1065981054,Billie Eilish,https://music.apple.com/us/artist/billie-eilish/1065981054?uo=4,https://is5-ssl.mzstatic.com/image/thumb/Music114/v4/ff/4a/eb/ff4aeb7c-7f2d-1d18-d7cc-51c107c70bad/source/100x100bb.jpg,https://is5-ssl.mzstatic.com/image/thumb/Music114/v4/ff/4a/eb/ff4aeb7c-7f2d-1d18-d7cc-51c107c70bad/source/30x30bb.jpg,https://is5-ssl.mzstatic.com/image/thumb/Music114/v4/ff/4a/eb/ff4aeb7c-7f2d-1d18-d7cc-51c107c70bad/source/60x60bb.jpg,,,,"WHEN WE ALL FALL ASLEEP, WHERE DO WE GO?",notExplicit,1450695723.0,"WHEN WE ALL FALL ASLEEP, WHERE DO WE GO?",9.99,https://music.apple.com/us/album/i-love-you/1450695723?i=1450695895&uo=4,,USA,USD,1.0,1.0,True,song,https://audio-ssl.itunes.apple.com/itunes-assets/AudioPreview123/v4/46/a9/7b/46a97b66-6926-ef70-96bc-a0cd05aa81d6/mzaf_6266047224680215967.plus.aac.p.m4a,Alternative,2019-03-29T12:00:00Z,i love you,14.0,notExplicit,1450695895,i love you,13.0,1.29,291796,https://music.apple.com/us/album/i-love-you/1450695723?i=1450695895&uo=4,track
12,1065981054,Billie Eilish,https://music.apple.com/us/artist/billie-eilish/1065981054?uo=4,https://is5-ssl.mzstatic.com/image/thumb/Music118/v4/27/16/b2/2716b250-73c9-19df-d482-fdf20f385af4/source/100x100bb.jpg,https://is5-ssl.mzstatic.com/image/thumb/Music118/v4/27/16/b2/2716b250-73c9-19df-d482-fdf20f385af4/source/30x30bb.jpg,https://is5-ssl.mzstatic.com/image/thumb/Music118/v4/27/16/b2/2716b250-73c9-19df-d482-fdf20f385af4/source/60x60bb.jpg,,,,dont smile at me,notExplicit,1440898929.0,dont smile at me,8.99,https://music.apple.com/us/album/copycat/1440898929?i=1440899117&uo=4,,USA,USD,1.0,1.0,True,song,https://audio-ssl.itunes.apple.com/itunes-assets/AudioPreview128/v4/1d/4d/8b/1d4d8bb5-3e3b-9570-d02b-fdecdfa63a6f/mzaf_981557151456336588.plus.aac.p.m4a,Alternative,2017-08-11T12:00:00Z,COPYCAT,9.0,notExplicit,1440899117,COPYCAT,1.0,1.29,193357,https://music.apple.com/us/album/copycat/1440898929?i=1440899117&uo=4,track
13,1065981054,Billie Eilish,https://music.apple.com/us/artist/billie-eilish/1065981054?uo=4,https://is5-ssl.mzstatic.com/image/thumb/Music114/v4/ff/4a/eb/ff4aeb7c-7f2d-1d18-d7cc-51c107c70bad/source/100x100bb.jpg,https://is5-ssl.mzstatic.com/image/thumb/Music114/v4/ff/4a/eb/ff4aeb7c-7f2d-1d18-d7cc-51c107c70bad/source/30x30bb.jpg,https://is5-ssl.mzstatic.com/image/thumb/Music114/v4/ff/4a/eb/ff4aeb7c-7f2d-1d18-d7cc-51c107c70bad/source/60x60bb.jpg,,,,"WHEN WE ALL FALL ASLEEP, WHERE DO WE GO?",notExplicit,1450695723.0,"WHEN WE ALL FALL ASLEEP, WHERE DO WE GO?",9.99,https://music.apple.com/us/album/listen-before-i-go/1450695723?i=1450695888&uo=4,,USA,USD,1.0,1.0,True,song,https://audio-ssl.itunes.apple.com/itunes-assets/AudioPreview113/v4/5b/4b/b3/5b4bb3d1-13a7-73c3-c8c2-7bc1513ed178/mzaf_5821884569926621641.plus.aac.p.m4a,Alternative,2019-03-29T12:00:00Z,listen before i go,14.0,notExplicit,1450695888,listen before i go,12.0,1.29,242652,https://music.apple.com/us/album/listen-before-i-go/1450695723?i=1450695888&uo=4,track
14,1065981054,Billie Eilish,https://music.apple.com/us/artist/billie-eilish/1065981054?uo=4,https://is5-ssl.mzstatic.com/image/thumb/Music114/v4/ff/4a/eb/ff4aeb7c-7f2d-1d18-d7cc-51c107c70bad/source/100x100bb.jpg,https://is5-ssl.mzstatic.com/image/thumb/Music114/v4/ff/4a/eb/ff4aeb7c-7f2d-1d18-d7cc-51c107c70bad/source/30x30bb.jpg,https://is5-ssl.mzstatic.com/image/thumb/Music114/v4/ff/4a/eb/ff4aeb7c-7f2d-1d18-d7cc-51c107c70bad/source/60x60bb.jpg,,,,"WHEN WE ALL FALL ASLEEP, WHERE DO WE GO?",notExplicit,1450695723.0,"WHEN WE ALL FALL ASLEEP, WHERE DO WE GO?",9.99,https://music.apple.com/us/album/wish-you-were-gay/1450695723?i=1450695871&uo=4,,USA,USD,1.0,1.0,True,song,https://audio-ssl.itunes.apple.com/itunes-assets/AudioPreview113/v4/4e/08/1d/4e081d32-aae9-0c29-c8a4-867087678f32/mzaf_2395346651034480984.plus.aac.p.m4a,Alternative,2019-03-04T08:00:00Z,wish you were gay,14.0,notExplicit,1450695871,wish you were gay,6.0,1.29,221543,https://music.apple.com/us/album/wish-you-were-gay/1450695723?i=1450695871&uo=4,track
15,1065981054,Billie Eilish & Vince Staples,https://music.apple.com/us/artist/billie-eilish/1065981054?uo=4,https://is5-ssl.mzstatic.com/image/thumb/Music118/v4/27/16/b2/2716b250-73c9-19df-d482-fdf20f385af4/source/100x100bb.jpg,https://is5-ssl.mzstatic.com/image/thumb/Music118/v4/27/16/b2/2716b250-73c9-19df-d482-fdf20f385af4/source/30x30bb.jpg,https://is5-ssl.mzstatic.com/image/thumb/Music118/v4/27/16/b2/2716b250-73c9-19df-d482-fdf20f385af4/source/60x60bb.jpg,,Billie Eilish,,dont smile at me,notExplicit,1440898929.0,dont smile at me,8.99,https://music.apple.com/us/album/burn/1440898929?i=1440899628&uo=4,,USA,USD,1.0,1.0,True,song,https://audio-ssl.itunes.apple.com/itunes-assets/AudioPreview128/v4/2f/09/c7/2f09c73d-eff0-3922-5e70-fe5e476339ca/mzaf_4696759191103328556.plus.aac.p.m4a,Alternative,2017-12-15T12:00:00Z,&burn,9.0,notExplicit,1440899628,&burn,9.0,1.29,179016,https://music.apple.com/us/album/burn/1440898929?i=1440899628&uo=4,track
16,1065981054,Billie Eilish,https://music.apple.com/us/artist/billie-eilish/1065981054?uo=4,https://is5-ssl.mzstatic.com/image/thumb/Music114/v4/ff/4a/eb/ff4aeb7c-7f2d-1d18-d7cc-51c107c70bad/source/100x100bb.jpg,https://is5-ssl.mzstatic.com/image/thumb/Music114/v4/ff/4a/eb/ff4aeb7c-7f2d-1d18-d7cc-51c107c70bad/source/30x30bb.jpg,https://is5-ssl.mzstatic.com/image/thumb/Music114/v4/ff/4a/eb/ff4aeb7c-7f2d-1d18-d7cc-51c107c70bad/source/60x60bb.jpg,,,,"WHEN WE ALL FALL ASLEEP, WHERE DO WE GO?",notExplicit,1450695723.0,"WHEN WE ALL FALL ASLEEP, WHERE DO WE GO?",9.99,https://music.apple.com/us/album/ilomilo/1450695723?i=1450695884&uo=4,,USA,USD,1.0,1.0,True,song,https://audio-ssl.itunes.apple.com/itunes-assets/AudioPreview113/v4/1c/d8/65/1cd865b9-c46f-472f-3fb6-31d7cd0616b4/mzaf_2039660269773223195.plus.aac.p.m4a,Alternative,2019-03-29T12:00:00Z,ilomilo,14.0,notExplicit,1450695884,ilomilo,11.0,1.29,156371,https://music.apple.com/us/album/ilomilo/1450695723?i=1450695884&uo=4,track
17,1065981054,Billie Eilish,https://music.apple.com/us/artist/billie-eilish/1065981054?uo=4,https://is5-ssl.mzstatic.com/image/thumb/Music114/v4/ff/4a/eb/ff4aeb7c-7f2d-1d18-d7cc-51c107c70bad/source/100x100bb.jpg,https://is5-ssl.mzstatic.com/image/thumb/Music114/v4/ff/4a/eb/ff4aeb7c-7f2d-1d18-d7cc-51c107c70bad/source/30x30bb.jpg,https://is5-ssl.mzstatic.com/image/thumb/Music114/v4/ff/4a/eb/ff4aeb7c-7f2d-1d18-d7cc-51c107c70bad/source/60x60bb.jpg,,,,"WHEN WE ALL FALL ASLEEP, WHERE DO WE GO?",notExplicit,1450695723.0,"WHEN WE ALL FALL ASLEEP, WHERE DO WE GO?",9.99,https://music.apple.com/us/album/xanny/1450695723?i=1450695742&uo=4,,USA,USD,1.0,1.0,True,song,https://audio-ssl.itunes.apple.com/itunes-assets/AudioPreview113/v4/52/1a/d4/521ad418-020e-6d45-96bb-2207547664fa/mzaf_5198476006877667752.plus.aac.p.m4a,Alternative,2019-03-29T12:00:00Z,xanny,14.0,notExplicit,1450695742,xanny,3.0,1.29,243725,https://music.apple.com/us/album/xanny/1450695723?i=1450695742&uo=4,track
18,1065981054,Billie Eilish,https://music.apple.com/us/artist/billie-eilish/1065981054?uo=4,https://is2-ssl.mzstatic.com/image/thumb/Music114/v4/27/62/b1/2762b1ed-5837-7fc0-4705-07f101860f0a/source/100x100bb.jpg,https://is2-ssl.mzstatic.com/image/thumb/Music114/v4/27/62/b1/2762b1ed-5837-7fc0-4705-07f101860f0a/source/30x30bb.jpg,https://is2-ssl.mzstatic.com/image/thumb/Music114/v4/27/62/b1/2762b1ed-5837-7fc0-4705-07f101860f0a/source/60x60bb.jpg,,,,No Time To Die - Single,notExplicit,1498647640.0,No Time To Die - Single,1.29,https://music.apple.com/us/album/no-time-to-die/1498647640?i=1498647654&uo=4,,USA,USD,1.0,1.0,True,song,https://audio-ssl.itunes.apple.com/itunes-assets/AudioPreview114/v4/17/87/d0/1787d02e-d998-7e09-1cf7-56ec5a68fac9/mzaf_13729734264926394028.plus.aac.p.m4a,Alternative,2020-02-13T08:00:00Z,No Time To Die,1.0,notExplicit,1498647654,No Time To Die,1.0,1.29,242265,https://music.apple.com/us/album/no-time-to-die/1498647640?i=1498647654&uo=4,track
19,1065981054,Billie Eilish,https://music.apple.com/us/artist/billie-eilish/1065981054?uo=4,https://is5-ssl.mzstatic.com/image/thumb/Music114/v4/ff/4a/eb/ff4aeb7c-7f2d-1d18-d7cc-51c107c70bad/source/100x100bb.jpg,https://is5-ssl.mzstatic.com/image/thumb/Music114/v4/ff/4a/eb/ff4aeb7c-7f2d-1d18-d7cc-51c107c70bad/source/30x30bb.jpg,https://is5-ssl.mzstatic.com/image/thumb/Music114/v4/ff/4a/eb/ff4aeb7c-7f2d-1d18-d7cc-51c107c70bad/source/60x60bb.jpg,,,,"WHEN WE ALL FALL ASLEEP, WHERE DO WE GO?",notExplicit,1450695723.0,"WHEN WE ALL FALL ASLEEP, WHERE DO WE GO?",9.99,https://music.apple.com/us/album/goodbye/1450695723?i=1450696020&uo=4,,USA,USD,1.0,1.0,True,song,https://audio-ssl.itunes.apple.com/itunes-assets/AudioPreview123/v4/77/fe/47/77fe47fa-6e70-cc5d-17ea-8ef1d09919b2/mzaf_8210322081946770572.plus.aac.p.m4a,Alternative,2019-03-29T12:00:00Z,goodbye,14.0,notExplicit,1450696020,goodbye,14.0,1.29,119422,https://music.apple.com/us/album/goodbye/1450695723?i=1450696020&uo=4,track
20,1065981054,Billie Eilish,https://music.apple.com/us/artist/billie-eilish/1065981054?uo=4,https://is5-ssl.mzstatic.com/image/thumb/Music114/v4/ff/4a/eb/ff4aeb7c-7f2d-1d18-d7cc-51c107c70bad/source/100x100bb.jpg,https://is5-ssl.mzstatic.com/image/thumb/Music114/v4/ff/4a/eb/ff4aeb7c-7f2d-1d18-d7cc-51c107c70bad/source/30x30bb.jpg,https://is5-ssl.mzstatic.com/image/thumb/Music114/v4/ff/4a/eb/ff4aeb7c-7f2d-1d18-d7cc-51c107c70bad/source/60x60bb.jpg,,,,"WHEN WE ALL FALL ASLEEP, WHERE DO WE GO?",notExplicit,1450695723.0,"WHEN WE ALL FALL ASLEEP, WHERE DO WE GO?",9.99,https://music.apple.com/us/album/1450695723?i=1450695729&uo=4,,USA,USD,1.0,1.0,True,song,https://audio-ssl.itunes.apple.com/itunes-assets/AudioPreview124/v4/ae/f3/3d/aef33d01-44de-06eb-463a-992b2cf046a4/mzaf_7707537156178490666.plus.aac.p.m4a,Alternative,2019-03-29T12:00:00Z,!!!!!!!,14.0,notExplicit,1450695729,!!!!!!!,1.0,1.29,13578,https://music.apple.com/us/album/1450695723?i=1450695729&uo=4,track
21,1065981054,Billie Eilish,https://music.apple.com/us/artist/billie-eilish/1065981054?uo=4,https://is5-ssl.mzstatic.com/image/thumb/Music118/v4/27/16/b2/2716b250-73c9-19df-d482-fdf20f385af4/source/100x100bb.jpg,https://is5-ssl.mzstatic.com/image/thumb/Music118/v4/27/16/b2/2716b250-73c9-19df-d482-fdf20f385af4/source/30x30bb.jpg,https://is5-ssl.mzstatic.com/image/thumb/Music118/v4/27/16/b2/2716b250-73c9-19df-d482-fdf20f385af4/source/60x60bb.jpg,,,,dont smile at me,notExplicit,1440898929.0,dont smile at me,8.99,https://music.apple.com/us/album/hostage/1440898929?i=1440899606&uo=4,,USA,USD,1.0,1.0,True,song,https://audio-ssl.itunes.apple.com/itunes-assets/AudioPreview128/v4/6f/83/77/6f837732-665e-96b0-0394-1a438cd65b86/mzaf_8925681744433267537.plus.aac.p.m4a,Alternative,2017-08-11T12:00:00Z,hostage,9.0,notExplicit,1440899606,hostage,8.0,1.29,229426,https://music.apple.com/us/album/hostage/1440898929?i=1440899606&uo=4,track
22,1065981054,Billie Eilish,https://music.apple.com/us/artist/billie-eilish/1065981054?uo=4,https://is5-ssl.mzstatic.com/image/thumb/Music118/v4/27/16/b2/2716b250-73c9-19df-d482-fdf20f385af4/source/100x100bb.jpg,https://is5-ssl.mzstatic.com/image/thumb/Music118/v4/27/16/b2/2716b250-73c9-19df-d482-fdf20f385af4/source/30x30bb.jpg,https://is5-ssl.mzstatic.com/image/thumb/Music118/v4/27/16/b2/2716b250-73c9-19df-d482-fdf20f385af4/source/60x60bb.jpg,,,,dont smile at me,notExplicit,1440898929.0,dont smile at me,8.99,https://music.apple.com/us/album/my-boy/1440898929?i=1440899130&uo=4,,USA,USD,1.0,1.0,True,song,https://audio-ssl.itunes.apple.com/itunes-assets/AudioPreview118/v4/bf/38/30/bf383051-51f9-20ec-ede9-f57fa156b6be/mzaf_6286363142060538826.plus.aac.p.m4a,Alternative,2017-08-11T12:00:00Z,my boy,9.0,notExplicit,1440899130,my boy,3.0,1.29,170852,https://music.apple.com/us/album/my-boy/1440898929?i=1440899130&uo=4,track
23,1065981054,Billie Eilish,https://music.apple.com/us/artist/billie-eilish/1065981054?uo=4,https://is5-ssl.mzstatic.com/image/thumb/Music118/v4/27/16/b2/2716b250-73c9-19df-d482-fdf20f385af4/source/100x100bb.jpg,https://is5-ssl.mzstatic.com/image/thumb/Music118/v4/27/16/b2/2716b250-73c9-19df-d482-fdf20f385af4/source/30x30bb.jpg,https://is5-ssl.mzstatic.com/image/thumb/Music118/v4/27/16/b2/2716b250-73c9-19df-d482-fdf20f385af4/source/60x60bb.jpg,,,,dont smile at me,notExplicit,1440898929.0,dont smile at me,8.99,https://music.apple.com/us/album/watch/1440898929?i=1440899134&uo=4,,USA,USD,1.0,1.0,True,song,https://audio-ssl.itunes.apple.com/itunes-assets/AudioPreview128/v4/3a/f1/f0/3af1f04f-686d-44a8-647e-ff391b714ba1/mzaf_2874334065835857425.plus.aac.p.m4a,Alternative,2017-06-30T12:00:00Z,watch,9.0,notExplicit,1440899134,watch,4.0,1.29,177523,https://music.apple.com/us/album/watch/1440898929?i=1440899134&uo=4,track
24,1065981054,Billie Eilish,https://music.apple.com/us/artist/billie-eilish/1065981054?uo=4,https://is2-ssl.mzstatic.com/image/thumb/Music128/v4/83/2e/19/832e193d-c086-175c-ac37-b6a5904dbf2f/source/100x100bb.jpg,https://is2-ssl.mzstatic.com/image/thumb/Music128/v4/83/2e/19/832e193d-c086-175c-ac37-b6a5904dbf2f/source/30x30bb.jpg,https://is2-ssl.mzstatic.com/image/thumb/Music128/v4/83/2e/19/832e193d-c086-175c-ac37-b6a5904dbf2f/source/60x60bb.jpg,,,,bitches broken hearts - Single,explicit,1362273458.0,bitches broken hearts - Single,1.29,https://music.apple.com/us/album/bitches-broken-hearts/1362273458?i=1362274278&uo=4,Explicit,USA,USD,1.0,1.0,True,song,https://audio-ssl.itunes.apple.com/itunes-assets/AudioPreview62/v4/d2/44/01/d2440139-1ac8-aa74-299a-42cccc87ed1b/mzaf_4704792095168012998.plus.aac.p.m4a,Alternative,2017-11-10T08:00:00Z,bitches broken hearts,1.0,explicit,1362274278,bitches broken hearts,1.0,1.29,176472,https://music.apple.com/us/album/bitches-broken-hearts/1362273458?i=1362274278&uo=4,track
25,1065981054,Billie Eilish,https://music.apple.com/us/artist/billie-eilish/1065981054?uo=4,https://is4-ssl.mzstatic.com/image/thumb/Music128/v4/a4/97/f1/a497f162-d66d-c1a4-079c-263b3ee4feb2/source/100x100bb.jpg,https://is4-ssl.mzstatic.com/image/thumb/Music128/v4/a4/97/f1/a497f162-d66d-c1a4-079c-263b3ee4feb2/source/30x30bb.jpg,https://is4-ssl.mzstatic.com/image/thumb/Music128/v4/a4/97/f1/a497f162-d66d-c1a4-079c-263b3ee4feb2/source/60x60bb.jpg,,,,Six Feet Under - Single,notExplicit,1444889914.0,Six Feet Under - Single,1.29,https://music.apple.com/us/album/six-feet-under/1444889914?i=1444890132&uo=4,,USA,USD,1.0,1.0,True,song,https://audio-ssl.itunes.apple.com/itunes-assets/AudioPreview118/v4/91/7c/95/917c9548-911b-b42c-3a61-f39c963735fa/mzaf_7995953164420497076.plus.aac.p.m4a,Alternative,2016-06-24T12:00:00Z,Six Feet Under,1.0,notExplicit,1444890132,Six Feet Under,1.0,1.29,189613,https://music.apple.com/us/album/six-feet-under/1444889914?i=1444890132&uo=4,track
26,1065981054,Billie Eilish,https://music.apple.com/us/artist/billie-eilish/1065981054?uo=4,https://is5-ssl.mzstatic.com/image/thumb/Music114/v4/ff/4a/eb/ff4aeb7c-7f2d-1d18-d7cc-51c107c70bad/source/100x100bb.jpg,https://is5-ssl.mzstatic.com/image/thumb/Music114/v4/ff/4a/eb/ff4aeb7c-7f2d-1d18-d7cc-51c107c70bad/source/30x30bb.jpg,https://is5-ssl.mzstatic.com/image/thumb/Music114/v4/ff/4a/eb/ff4aeb7c-7f2d-1d18-d7cc-51c107c70bad/source/60x60bb.jpg,,,,"WHEN WE ALL FALL ASLEEP, WHERE DO WE GO?",notExplicit,1450695723.0,"WHEN WE ALL FALL ASLEEP, WHERE DO WE GO?",9.99,https://music.apple.com/us/album/8/1450695723?i=1450695875&uo=4,,USA,USD,1.0,1.0,True,song,https://audio-ssl.itunes.apple.com/itunes-assets/AudioPreview123/v4/eb/a9/9c/eba99c0e-1de7-ad77-a682-86db2e57188d/mzaf_6592939811060890804.plus.aac.p.m4a,Alternative,2019-03-29T12:00:00Z,8,14.0,notExplicit,1450695875,8,8.0,1.29,173202,https://music.apple.com/us/album/8/1450695723?i=1450695875&uo=4,track
27,1065981054,Billie Eilish,https://music.apple.com/us/artist/billie-eilish/1065981054?uo=4,https://is5-ssl.mzstatic.com/image/thumb/Music118/v4/27/16/b2/2716b250-73c9-19df-d482-fdf20f385af4/source/100x100bb.jpg,https://is5-ssl.mzstatic.com/image/thumb/Music118/v4/27/16/b2/2716b250-73c9-19df-d482-fdf20f385af4/source/30x30bb.jpg,https://is5-ssl.mzstatic.com/image/thumb/Music118/v4/27/16/b2/2716b250-73c9-19df-d482-fdf20f385af4/source/60x60bb.jpg,,,,dont smile at me,notExplicit,1440898929.0,dont smile at me,8.99,https://music.apple.com/us/album/party-favor/1440898929?i=1440899140&uo=4,,USA,USD,1.0,1.0,True,song,https://audio-ssl.itunes.apple.com/itunes-assets/AudioPreview118/v4/9b/f0/f0/9bf0f0e8-7050-aab7-3e37-72b0c9147eb5/mzaf_5567473857556138580.plus.aac.p.m4a,Alternative,2017-08-11T12:00:00Z,party favor,9.0,notExplicit,1440899140,party favor,5.0,1.29,204770,https://music.apple.com/us/album/party-favor/1440898929?i=1440899140&uo=4,track
28,1065981054,Billie Eilish & Justin Bieber,https://music.apple.com/us/artist/billie-eilish/1065981054?uo=4,https://is2-ssl.mzstatic.com/image/thumb/Music123/v4/21/11/64/211164b6-9a5a-eb6f-5710-9058aa97dc01/source/100x100bb.jpg,https://is2-ssl.mzstatic.com/image/thumb/Music123/v4/21/11/64/211164b6-9a5a-eb6f-5710-9058aa97dc01/source/30x30bb.jpg,https://is2-ssl.mzstatic.com/image/thumb/Music123/v4/21/11/64/211164b6-9a5a-eb6f-5710-9058aa97dc01/source/60x60bb.jpg,,,,bad guy - Single,notExplicit,1472563379.0,bad guy - Single,1.29,https://music.apple.com/us/album/bad-guy/1472563379?i=1472563571&uo=4,,USA,USD,1.0,1.0,True,song,https://audio-ssl.itunes.apple.com/itunes-assets/AudioPreview113/v4/0a/a4/81/0aa48165-3594-7bcd-d07c-4538813e0d3d/mzaf_18409977408142494569.plus.aac.p.m4a,Alternative,2019-07-11T07:00:00Z,bad guy,1.0,notExplicit,1472563571,bad guy,1.0,1.29,194840,https://music.apple.com/us/album/bad-guy/1472563379?i=1472563571&uo=4,track
29,1065981054,Billie Eilish,https://music.apple.com/us/artist/billie-eilish/1065981054?uo=4,https://is2-ssl.mzstatic.com/image/thumb/Music128/v4/1c/da/e3/1cdae32c-51e9-69de-bbdd-d6dadb6dcc06/source/100x100bb.jpg,https://is2-ssl.mzstatic.com/image/thumb/Music128/v4/1c/da/e3/1cdae32c-51e9-69de-bbdd-d6dadb6dcc06/source/30x30bb.jpg,https://is2-ssl.mzstatic.com/image/thumb/Music128/v4/1c/da/e3/1cdae32c-51e9-69de-bbdd-d6dadb6dcc06/source/60x60bb.jpg,,,,come out and play - Single,notExplicit,1442107599.0,come out and play - Single,1.29,https://music.apple.com/us/album/come-out-and-play/1442107599?i=1442107933&uo=4,,USA,USD,1.0,1.0,True,song,https://audio-ssl.itunes.apple.com/itunes-assets/AudioPreview118/v4/63/d4/c4/63d4c4e0-9b13-ce31-5b93-0041189a1420/mzaf_3280818348503995040.plus.aac.p.m4a,Alternative,2018-11-20T12:00:00Z,come out and play,1.0,notExplicit,1442107933,come out and play,1.0,1.29,210376,https://music.apple.com/us/album/come-out-and-play/1442107599?i=1442107933&uo=4,track
30,1065981054,Billie Eilish,https://music.apple.com/us/artist/billie-eilish/1065981054?uo=4,https://is5-ssl.mzstatic.com/image/thumb/Music118/v4/9d/fe/28/9dfe28a9-29a1-2536-ffaa-6ada3f2a9d51/source/100x100bb.jpg,https://is5-ssl.mzstatic.com/image/thumb/Music118/v4/9d/fe/28/9dfe28a9-29a1-2536-ffaa-6ada3f2a9d51/source/30x30bb.jpg,https://is5-ssl.mzstatic.com/image/thumb/Music118/v4/9d/fe/28/9dfe28a9-29a1-2536-ffaa-6ada3f2a9d51/source/60x60bb.jpg,,,,Up Next Session: Billie Eilish (Live) - Single,notExplicit,1444871456.0,Up Next Session: Billie Eilish (Live) - Single,2.99,https://music.apple.com/us/album/ocean-eyes-live/1444871456?i=1444871460&uo=4,,USA,USD,1.0,1.0,True,song,https://audio-ssl.itunes.apple.com/itunes-assets/AudioPreview128/v4/5c/8a/e7/5c8ae7da-47c3-e240-a561-b7033a8bb2c5/mzaf_6428509406388629999.plus.aac.p.m4a,Alternative,2017-09-20T12:00:00Z,ocean eyes (Live),3.0,notExplicit,1444871460,ocean eyes,3.0,1.29,210483,https://music.apple.com/us/album/ocean-eyes-live/1444871456?i=1444871460&uo=4,track
31,1065981054,Billie Eilish,https://music.apple.com/us/artist/billie-eilish/1065981054?uo=4,https://is5-ssl.mzstatic.com/image/thumb/Music118/v4/9d/fe/28/9dfe28a9-29a1-2536-ffaa-6ada3f2a9d51/source/100x100bb.jpg,https://is5-ssl.mzstatic.com/image/thumb/Music118/v4/9d/fe/28/9dfe28a9-29a1-2536-ffaa-6ada3f2a9d51/source/30x30bb.jpg,https://is5-ssl.mzstatic.com/image/thumb/Music118/v4/9d/fe/28/9dfe28a9-29a1-2536-ffaa-6ada3f2a9d51/source/60x60bb.jpg,,,,Up Next Session: Billie Eilish (Live) - Single,notExplicit,1444871456.0,Up Next Session: Billie Eilish (Live) - Single,2.99,https://music.apple.com/us/album/bellyache-live/1444871456?i=1444871458&uo=4,,USA,USD,1.0,1.0,True,song,https://audio-ssl.itunes.apple.com/itunes-assets/AudioPreview118/v4/3a/59/a0/3a59a071-9bb2-7cea-60d4-1afd1bb6569a/mzaf_4901359729676202190.plus.aac.p.m4a,Alternative,2017-09-20T12:00:00Z,bellyache (Live),3.0,notExplicit,1444871458,bellyache,1.0,1.29,186973,https://music.apple.com/us/album/bellyache-live/1444871456?i=1444871458&uo=4,track
32,1065981054,Billie Eilish,https://music.apple.com/us/artist/billie-eilish/1065981054?uo=4,https://is4-ssl.mzstatic.com/image/thumb/Music118/v4/d7/e1/1d/d7e11d6c-2e53-e580-a33d-f828eb5a8bf4/source/100x100bb.jpg,https://is4-ssl.mzstatic.com/image/thumb/Music118/v4/d7/e1/1d/d7e11d6c-2e53-e580-a33d-f828eb5a8bf4/source/30x30bb.jpg,https://is4-ssl.mzstatic.com/image/thumb/Music118/v4/d7/e1/1d/d7e11d6c-2e53-e580-a33d-f828eb5a8bf4/source/60x60bb.jpg,4035426.0,Various Artists,,13 Reasons Why (A Netflix Original Series Soundtrack),notExplicit,1440880821.0,13 Reasons Why (A Netflix Original Series Soundtrack),9.99,https://music.apple.com/us/album/bored/1440880821?i=1440881181&uo=4,,USA,USD,1.0,1.0,True,song,https://audio-ssl.itunes.apple.com/itunes-assets/AudioPreview118/v4/34/30/7e/34307e44-84ab-2d17-4456-d9568a9edc25/mzaf_4927069893383497332.plus.aac.p.m4a,Alternative,2017-03-30T12:00:00Z,Bored,13.0,notExplicit,1440881181,Bored,3.0,1.29,180933,https://music.apple.com/us/album/bored/1440880821?i=1440881181&uo=4,track
33,1065981054,Billie Eilish,https://music.apple.com/us/artist/billie-eilish/1065981054?uo=4,https://is5-ssl.mzstatic.com/image/thumb/Music128/v4/24/84/f6/2484f6ac-6b86-04c3-1633-1fb3661bae35/source/100x100bb.jpg,https://is5-ssl.mzstatic.com/image/thumb/Music128/v4/24/84/f6/2484f6ac-6b86-04c3-1633-1fb3661bae35/source/30x30bb.jpg,https://is5-ssl.mzstatic.com/image/thumb/Music128/v4/24/84/f6/2484f6ac-6b86-04c3-1633-1fb3661bae35/source/60x60bb.jpg,36270.0,Various Artists,,"NOW That's What I Call Music, Vol. 64",cleaned,1429671085.0,"NOW That's What I Call Music, Vol. 64",7.99,https://music.apple.com/us/album/ocean-eyes-now-whats-next/1429671085?i=1429675332&uo=4,,USA,USD,1.0,1.0,True,song,https://audio-ssl.itunes.apple.com/itunes-assets/AudioPreview118/v4/89/89/9f/89899f15-341e-1e29-ce39-ec32e98b1adf/mzaf_4051206169258797731.plus.aac.p.m4a,Alternative,2015-12-09T12:00:00Z,Ocean Eyes (NOW What's Next!),22.0,notExplicit,1429675332,Ocean Eyes,21.0,-1.0,195600,https://music.apple.com/us/album/ocean-eyes-now-whats-next/1429671085?i=1429675332&uo=4,track
34,1065981054,Billie Eilish,https://music.apple.com/us/artist/billie-eilish/1065981054?uo=4,https://is2-ssl.mzstatic.com/image/thumb/Music128/v4/08/48/4b/08484b6d-9c06-eccf-e258-b9325db53ec1/source/100x100bb.jpg,https://is2-ssl.mzstatic.com/image/thumb/Music128/v4/08/48/4b/08484b6d-9c06-eccf-e258-b9325db53ec1/source/30x30bb.jpg,https://is2-ssl.mzstatic.com/image/thumb/Music128/v4/08/48/4b/08484b6d-9c06-eccf-e258-b9325db53ec1/source/60x60bb.jpg,,,,Ocean Eyes (The Remixes) - EP,notExplicit,1440894250.0,Ocean Eyes (The Remixes) - EP,3.99,https://music.apple.com/us/album/ocean-eyes-astronomyy-remix/1440894250?i=1440894525&uo=4,,USA,USD,1.0,1.0,True,song,https://audio-ssl.itunes.apple.com/itunes-assets/AudioPreview118/v4/78/46/29/78462957-4ff9-f264-b57a-fab5f1ff77b9/mzaf_5174571753941230672.plus.aac.p.m4a,Alternative,2016-11-18T12:00:00Z,Ocean Eyes (Astronomyy Remix),4.0,notExplicit,1440894525,Ocean Eyes,1.0,1.29,296267,https://music.apple.com/us/album/ocean-eyes-astronomyy-remix/1440894250?i=1440894525&uo=4,track
35,1065981054,Billie Eilish,https://music.apple.com/us/artist/billie-eilish/1065981054?uo=4,https://is3-ssl.mzstatic.com/image/thumb/Music118/v4/7c/a3/71/7ca37116-db9f-a27a-0471-b416ac32f933/source/100x100bb.jpg,https://is3-ssl.mzstatic.com/image/thumb/Music118/v4/7c/a3/71/7ca37116-db9f-a27a-0471-b416ac32f933/source/30x30bb.jpg,https://is3-ssl.mzstatic.com/image/thumb/Music118/v4/7c/a3/71/7ca37116-db9f-a27a-0471-b416ac32f933/source/60x60bb.jpg,,,,Bellyache (Marian Hill Remix) - Single,notExplicit,1445287007.0,Bellyache (Marian Hill Remix) - Single,1.29,https://music.apple.com/us/album/bellyache-marian-hill-remix/1445287007?i=1445287022&uo=4,,USA,USD,1.0,1.0,True,song,https://audio-ssl.itunes.apple.com/itunes-assets/AudioPreview118/v4/fb/7a/74/fb7a7468-9cb6-209e-62b6-9f44a0082049/mzaf_5806212015764227875.plus.aac.p.m4a,Alternative,2017-05-05T12:00:00Z,Bellyache (Marian Hill Remix),1.0,notExplicit,1445287022,Bellyache,1.0,1.29,220800,https://music.apple.com/us/album/bellyache-marian-hill-remix/1445287007?i=1445287022&uo=4,track
36,1065981054,Billie Eilish & Khalid,https://music.apple.com/us/artist/billie-eilish/1065981054?uo=4,https://is4-ssl.mzstatic.com/image/thumb/Music115/v4/39/81/86/398186b5-4a26-617e-64d5-3e97512864a6/source/100x100bb.jpg,https://is4-ssl.mzstatic.com/image/thumb/Music115/v4/39/81/86/398186b5-4a26-617e-64d5-3e97512864a6/source/30x30bb.jpg,https://is4-ssl.mzstatic.com/image/thumb/Music115/v4/39/81/86/398186b5-4a26-617e-64d5-3e97512864a6/source/60x60bb.jpg,280215834.0,"Selena Gomez, OneRepublic & YUNGBLUD",https://music.apple.com/us/artist/selena-gomez/280215834?uo=4,13 Reasons Why: Season 2 (Music from the Original TV Series),notExplicit,1381914023.0,13 Reasons Why: Season 2 (Music from the Original TV Series),11.99,https://music.apple.com/us/album/lovely/1381914023?i=1381916691&uo=4,,USA,USD,1.0,1.0,True,song,https://audio-ssl.itunes.apple.com/itunes-assets/AudioPreview115/v4/f1/d0/7f/f1d07f7c-d44a-ef1f-169d-54ee8b5e2ac3/mzaf_1350229238378888085.plus.aac.p.m4a,Alternative,2018-04-19T12:00:00Z,lovely,20.0,notExplicit,1381916691,lovely,2.0,1.29,201867,https://music.apple.com/us/album/lovely/1381914023?i=1381916691&uo=4,track
37,1065981054,Billie Eilish,https://music.apple.com/us/artist/billie-eilish/1065981054?uo=4,https://is1-ssl.mzstatic.com/image/thumb/Music113/v4/ca/90/d8/ca90d8b2-8e2b-0e3b-a5a9-952d8e588cf1/source/100x100bb.jpg,https://is1-ssl.mzstatic.com/image/thumb/Music113/v4/ca/90/d8/ca90d8b2-8e2b-0e3b-a5a9-952d8e588cf1/source/30x30bb.jpg,https://is1-ssl.mzstatic.com/image/thumb/Music113/v4/ca/90/d8/ca90d8b2-8e2b-0e3b-a5a9-952d8e588cf1/source/60x60bb.jpg,80204262.0,Various Artists,,NOW That's What I Call Music! Vol. 73,cleaned,1491393508.0,NOW That's What I Call Music! Vol. 73,7.99,https://music.apple.com/us/album/all-the-good-girls-go-to-hell/1491393508?i=1491393647&uo=4,,USA,USD,1.0,1.0,True,song,https://audio-ssl.itunes.apple.com/itunes-assets/AudioPreview113/v4/b1/7a/5d/b17a5dc7-27ac-6ca7-daf8-b94dc0ef96e0/mzaf_1901123141971984015.plus.aac.p.m4a,Pop,2020-01-24T08:00:00Z,All the Good Girls Go To Hell,22.0,notExplicit,1491393647,All the Good Girls Go To Hell,13.0,-1.0,163107,https://music.apple.com/us/album/all-the-good-girls-go-to-hell/1491393508?i=1491393647&uo=4,track
38,1065981054,Billie Eilish,https://music.apple.com/us/artist/billie-eilish/1065981054?uo=4,https://is4-ssl.mzstatic.com/image/thumb/Music124/v4/7e/bd/40/7ebd4084-b370-8e1b-c951-6d310ce3b582/source/100x100bb.jpg,https://is4-ssl.mzstatic.com/image/thumb/Music124/v4/7e/bd/40/7ebd4084-b370-8e1b-c951-6d310ce3b582/source/30x30bb.jpg,https://is4-ssl.mzstatic.com/image/thumb/Music124/v4/7e/bd/40/7ebd4084-b370-8e1b-c951-6d310ce3b582/source/60x60bb.jpg,,,,"WHEN I WAS OLDER (Music Inspired by the Film ""ROMA"") - Single",notExplicit,1448440122.0,"WHEN I WAS OLDER (Music Inspired by the Film ""ROMA"") - Single",1.29,https://music.apple.com/us/album/when-i-was-older-music-inspired-by-the-film-roma/1448440122?i=1448440127&uo=4,,USA,USD,1.0,1.0,True,song,https://audio-ssl.itunes.apple.com/itunes-assets/AudioPreview124/v4/7c/fb/a9/7cfba9b5-2fc4-9cee-883a-fede1b71f030/mzaf_4224999428126546147.plus.aac.p.m4a,Alternative,2019-01-09T12:00:00Z,"WHEN I WAS OLDER (Music Inspired by the Film ""ROMA"")",1.0,notExplicit,1448440127,WHEN I WAS OLDER,1.0,1.29,270520,https://music.apple.com/us/album/when-i-was-older-music-inspired-by-the-film-roma/1448440122?i=1448440127&uo=4,track
39,1065981054,Billie Eilish,https://music.apple.com/us/artist/billie-eilish/1065981054?uo=4,https://is1-ssl.mzstatic.com/image/thumb/Music113/v4/d3/97/2c/d3972c86-5490-e491-6508-c6e3a4c413fd/source/100x100bb.jpg,https://is1-ssl.mzstatic.com/image/thumb/Music113/v4/d3/97/2c/d3972c86-5490-e491-6508-c6e3a4c413fd/source/30x30bb.jpg,https://is1-ssl.mzstatic.com/image/thumb/Music113/v4/d3/97/2c/d3972c86-5490-e491-6508-c6e3a4c413fd/source/60x60bb.jpg,80204262.0,Various Artists,,"NOW That's What I Call Music, Vol. 71",cleaned,1472053532.0,"NOW That's What I Call Music, Vol. 71",7.99,https://music.apple.com/us/album/bad-guy/1472053532?i=1472053538&uo=4,,USA,USD,1.0,1.0,True,song,https://audio-ssl.itunes.apple.com/itunes-assets/AudioPreview123/v4/82/e8/78/82e878b1-26d7-476c-6170-0bcc8c8534e8/mzaf_18047350357298253186.plus.aac.p.m4a,Pop,2019-03-29T12:00:00Z,Bad Guy,20.0,notExplicit,1472053538,Bad Guy,5.0,-1.0,191227,https://music.apple.com/us/album/bad-guy/1472053532?i=1472053538&uo=4,track
40,1065981054,Billie Eilish,https://music.apple.com/us/artist/billie-eilish/1065981054?uo=4,https://is2-ssl.mzstatic.com/image/thumb/Music128/v4/08/48/4b/08484b6d-9c06-eccf-e258-b9325db53ec1/source/100x100bb.jpg,https://is2-ssl.mzstatic.com/image/thumb/Music128/v4/08/48/4b/08484b6d-9c06-eccf-e258-b9325db53ec1/source/30x30bb.jpg,https://is2-ssl.mzstatic.com/image/thumb/Music128/v4/08/48/4b/08484b6d-9c06-eccf-e258-b9325db53ec1/source/60x60bb.jpg,,,,Ocean Eyes (The Remixes) - EP,notExplicit,1440894250.0,Ocean Eyes (The Remixes) - EP,3.99,https://music.apple.com/us/album/ocean-eyes-cautious-clay-remix/1440894250?i=1440894859&uo=4,,USA,USD,1.0,1.0,True,song,https://audio-ssl.itunes.apple.com/itunes-assets/AudioPreview118/v4/4b/a3/ec/4ba3ecc3-12ea-8757-2991-48a27d4bbf52/mzaf_4932706808184192368.plus.aac.p.m4a,Alternative,2015-12-14T12:00:00Z,Ocean Eyes (Cautious Clay Remix),4.0,notExplicit,1440894859,Ocean Eyes,4.0,1.29,191293,https://music.apple.com/us/album/ocean-eyes-cautious-clay-remix/1440894250?i=1440894859&uo=4,track
41,1065981054,Billie Eilish,https://music.apple.com/us/artist/billie-eilish/1065981054?uo=4,https://is5-ssl.mzstatic.com/image/thumb/Music118/v4/9d/fe/28/9dfe28a9-29a1-2536-ffaa-6ada3f2a9d51/source/100x100bb.jpg,https://is5-ssl.mzstatic.com/image/thumb/Music118/v4/9d/fe/28/9dfe28a9-29a1-2536-ffaa-6ada3f2a9d51/source/30x30bb.jpg,https://is5-ssl.mzstatic.com/image/thumb/Music118/v4/9d/fe/28/9dfe28a9-29a1-2536-ffaa-6ada3f2a9d51/source/60x60bb.jpg,,,,Up Next Session: Billie Eilish (Live) - Single,notExplicit,1444871456.0,Up Next Session: Billie Eilish (Live) - Single,2.99,https://music.apple.com/us/album/watch-live/1444871456?i=1444871459&uo=4,,USA,USD,1.0,1.0,True,song,https://audio-ssl.itunes.apple.com/itunes-assets/AudioPreview128/v4/c1/82/9c/c1829c33-dd39-4ea8-f928-544ee5d66198/mzaf_914588881568998347.plus.aac.p.m4a,Alternative,2017-09-20T12:00:00Z,watch (Live),3.0,notExplicit,1444871459,watch,2.0,1.29,199271,https://music.apple.com/us/album/watch-live/1444871456?i=1444871459&uo=4,track
42,1065981054,Billie Eilish & Vince Staples,https://music.apple.com/us/artist/billie-eilish/1065981054?uo=4,https://is5-ssl.mzstatic.com/image/thumb/Music118/v4/df/ef/b4/dfefb40e-83fb-83e2-1d4f-1aae73a67787/source/100x100bb.jpg,https://is5-ssl.mzstatic.com/image/thumb/Music118/v4/df/ef/b4/dfefb40e-83fb-83e2-1d4f-1aae73a67787/source/30x30bb.jpg,https://is5-ssl.mzstatic.com/image/thumb/Music118/v4/df/ef/b4/dfefb40e-83fb-83e2-1d4f-1aae73a67787/source/60x60bb.jpg,,,,&burn - Single,notExplicit,1444890649.0,&burn - Single,1.29,https://music.apple.com/us/album/burn/1444890649?i=1444890651&uo=4,,USA,USD,1.0,1.0,True,song,https://audio-ssl.itunes.apple.com/itunes-assets/AudioPreview128/v4/90/12/81/901281f1-0f1c-c0db-cb56-7e28f22065ac/mzaf_519057833890721316.plus.aac.p.m4a,Pop,2017-12-15T12:00:00Z,&burn,1.0,notExplicit,1444890651,&burn,1.0,1.29,179016,https://music.apple.com/us/album/burn/1444890649?i=1444890651&uo=4,track
43,1065981054,Billie Eilish,https://music.apple.com/us/artist/billie-eilish/1065981054?uo=4,https://is4-ssl.mzstatic.com/image/thumb/Music113/v4/06/3e/a4/063ea4f5-9f21-a726-184f-f18c88da4386/source/100x100bb.jpg,https://is4-ssl.mzstatic.com/image/thumb/Music113/v4/06/3e/a4/063ea4f5-9f21-a726-184f-f18c88da4386/source/30x30bb.jpg,https://is4-ssl.mzstatic.com/image/thumb/Music113/v4/06/3e/a4/063ea4f5-9f21-a726-184f-f18c88da4386/source/60x60bb.jpg,36270.0,Various Artists,,"NOW That's What I Call Music!, Vol. 70",cleaned,1459612517.0,"NOW That's What I Call Music!, Vol. 70",7.99,https://music.apple.com/us/album/when-the-partys-over/1459612517?i=1459612682&uo=4,,USA,USD,1.0,1.0,True,song,https://audio-ssl.itunes.apple.com/itunes-assets/AudioPreview113/v4/60/a2/32/60a232ac-2eba-c747-4988-ca86e8ebfcfb/mzaf_6313303431214292368.plus.aac.p.m4a,Alternative,2018-10-17T12:00:00Z,When the Party's Over,21.0,notExplicit,1459612682,When the Party's Over,14.0,-1.0,189947,https://music.apple.com/us/album/when-the-partys-over/1459612517?i=1459612682&uo=4,track
44,1065981054,Billie Eilish,https://music.apple.com/us/artist/billie-eilish/1065981054?uo=4,https://is2-ssl.mzstatic.com/image/thumb/Music128/v4/08/48/4b/08484b6d-9c06-eccf-e258-b9325db53ec1/source/100x100bb.jpg,https://is2-ssl.mzstatic.com/image/thumb/Music128/v4/08/48/4b/08484b6d-9c06-eccf-e258-b9325db53ec1/source/30x30bb.jpg,https://is2-ssl.mzstatic.com/image/thumb/Music128/v4/08/48/4b/08484b6d-9c06-eccf-e258-b9325db53ec1/source/60x60bb.jpg,,,,Ocean Eyes (The Remixes) - EP,notExplicit,1440894250.0,Ocean Eyes (The Remixes) - EP,3.99,https://music.apple.com/us/album/ocean-eyes-blackbear-remix/1440894250?i=1440894698&uo=4,,USA,USD,1.0,1.0,True,song,https://audio-ssl.itunes.apple.com/itunes-assets/AudioPreview128/v4/71/71/4c/71714c45-358d-dff4-c412-d377db78d2a7/mzaf_7490217060749605518.plus.aac.p.m4a,Alternative,2015-12-18T12:00:00Z,Ocean Eyes (Blackbear Remix),4.0,notExplicit,1440894698,Ocean Eyes,2.0,1.29,195307,https://music.apple.com/us/album/ocean-eyes-blackbear-remix/1440894250?i=1440894698&uo=4,track
45,1065981054,Billie Eilish,https://music.apple.com/us/artist/billie-eilish/1065981054?uo=4,https://is2-ssl.mzstatic.com/image/thumb/Music128/v4/08/48/4b/08484b6d-9c06-eccf-e258-b9325db53ec1/source/100x100bb.jpg,https://is2-ssl.mzstatic.com/image/thumb/Music128/v4/08/48/4b/08484b6d-9c06-eccf-e258-b9325db53ec1/source/30x30bb.jpg,https://is2-ssl.mzstatic.com/image/thumb/Music128/v4/08/48/4b/08484b6d-9c06-eccf-e258-b9325db53ec1/source/60x60bb.jpg,,,,Ocean Eyes (The Remixes) - EP,notExplicit,1440894250.0,Ocean Eyes (The Remixes) - EP,3.99,https://music.apple.com/us/album/ocean-eyes-goldhouse-remix/1440894250?i=1440894838&uo=4,,USA,USD,1.0,1.0,True,song,https://audio-ssl.itunes.apple.com/itunes-assets/AudioPreview118/v4/d1/57/65/d15765ff-c68f-df6c-3289-6dfd513ddd9c/mzaf_3387949177044392673.plus.aac.p.m4a,Alternative,2016-01-22T12:00:00Z,Ocean Eyes (GOLDHOUSE Remix),4.0,notExplicit,1440894838,Ocean Eyes,3.0,1.29,213600,https://music.apple.com/us/album/ocean-eyes-goldhouse-remix/1440894250?i=1440894838&uo=4,track
46,1065981054,Billie Eilish,https://music.apple.com/us/artist/billie-eilish/1065981054?uo=4,https://is3-ssl.mzstatic.com/image/thumb/Music128/v4/9e/96/1f/9e961fd8-1571-3315-7c1c-7609dc689167/source/100x100bb.jpg,https://is3-ssl.mzstatic.com/image/thumb/Music128/v4/9e/96/1f/9e961fd8-1571-3315-7c1c-7609dc689167/source/30x30bb.jpg,https://is3-ssl.mzstatic.com/image/thumb/Music128/v4/9e/96/1f/9e961fd8-1571-3315-7c1c-7609dc689167/source/60x60bb.jpg,,,,COPYCAT (Sofi Tukker Remix) - Single,notExplicit,1444885102.0,COPYCAT (Sofi Tukker Remix) - Single,1.29,https://music.apple.com/us/album/copycat-sofi-tukker-remix/1444885102?i=1444885109&uo=4,,USA,USD,1.0,1.0,True,song,https://audio-ssl.itunes.apple.com/itunes-assets/AudioPreview118/v4/2e/05/b1/2e05b1f1-b200-46d2-ef65-3830b4322fd4/mzaf_6667698354513075075.plus.aac.p.m4a,Alternative,2017-07-14T12:00:00Z,COPYCAT (Sofi Tukker Remix),1.0,notExplicit,1444885109,COPYCAT,1.0,1.29,198684,https://music.apple.com/us/album/copycat-sofi-tukker-remix/1444885102?i=1444885109&uo=4,track
47,1065981054,Billie Eilish,https://music.apple.com/us/artist/billie-eilish/1065981054?uo=4,https://is5-ssl.mzstatic.com/image/thumb/Music128/v4/54/6d/54/546d5450-af9e-009c-aef9-cab4edfd0cd8/source/100x100bb.jpg,https://is5-ssl.mzstatic.com/image/thumb/Music128/v4/54/6d/54/546d5450-af9e-009c-aef9-cab4edfd0cd8/source/30x30bb.jpg,https://is5-ssl.mzstatic.com/image/thumb/Music128/v4/54/6d/54/546d5450-af9e-009c-aef9-cab4edfd0cd8/source/60x60bb.jpg,,,,MyBoi (TroyBoi Remix) - Single,notExplicit,1354027915.0,MyBoi (TroyBoi Remix) - Single,1.29,https://music.apple.com/us/album/myboi-troyboi-remix/1354027915?i=1354031025&uo=4,,USA,USD,1.0,1.0,True,song,https://audio-ssl.itunes.apple.com/itunes-assets/AudioPreview128/v4/4a/31/f7/4a31f70a-9551-993d-e568-0d2b344ea947/mzaf_8193573621975033554.plus.aac.p.m4a,Dance,2018-03-09T12:00:00Z,MyBoi (TroyBoi Remix),1.0,notExplicit,1354031025,MyBoi,1.0,1.29,211304,https://music.apple.com/us/album/myboi-troyboi-remix/1354027915?i=1354031025&uo=4,track
48,1065981054,Billie Eilish,https://music.apple.com/us/artist/billie-eilish/1065981054?uo=4,https://is4-ssl.mzstatic.com/image/thumb/Music113/v4/1e/b4/7a/1eb47aef-d3fd-db61-74c8-a8d94fb084c6/source/100x100bb.jpg,https://is4-ssl.mzstatic.com/image/thumb/Music113/v4/1e/b4/7a/1eb47aef-d3fd-db61-74c8-a8d94fb084c6/source/30x30bb.jpg,https://is4-ssl.mzstatic.com/image/thumb/Music113/v4/1e/b4/7a/1eb47aef-d3fd-db61-74c8-a8d94fb084c6/source/60x60bb.jpg,36270.0,Various Artists,,2020 GRAMMY® Nominees,cleaned,1494024614.0,2020 GRAMMY® Nominees,11.99,https://music.apple.com/us/album/bad-guy/1494024614?i=1494024615&uo=4,,USA,USD,1.0,1.0,False,song,https://audio-ssl.itunes.apple.com/itunes-assets/AudioPreview123/v4/42/04/09/42040904-14cd-0deb-02ef-85c1953da429/mzaf_16931467794956364172.plus.aac.p.m4a,Alternative,2020-01-17T08:00:00Z,bad guy,21.0,notExplicit,1494024615,bad guy,1.0,-1.0,192933,https://music.apple.com/us/album/bad-guy/1494024614?i=1494024615&uo=4,track
49,1065981054,Billie Eilish,https://music.apple.com/us/artist/billie-eilish/1065981054?uo=4,https://is2-ssl.mzstatic.com/image/thumb/Video113/v4/6a/09/5d/6a095d11-a7db-41a2-f605-829fbf62af59/source/100x100bb.jpg,https://is2-ssl.mzstatic.com/image/thumb/Video113/v4/6a/09/5d/6a095d11-a7db-41a2-f605-829fbf62af59/source/30x30bb.jpg,https://is2-ssl.mzstatic.com/image/thumb/Video113/v4/6a/09/5d/6a095d11-a7db-41a2-f605-829fbf62af59/source/60x60bb.jpg,,,,,notExplicit,,,1.99,,,USA,USD,,,,music-video,https://video-ssl.itunes.apple.com/itunes-assets/Video113/v4/0d/b4/83/0db483b4-aa40-c7d7-2aaa-3876a780fa5c/mzvf_2706812862443658313.640x478.h264lc.U.p.m4v,Alternative,2019-03-29T07:00:00Z,bad guy,,notExplicit,1458003118,bad guy,,1.99,205928,https://music.apple.com/us/music-video/bad-guy/1458003118?uo=4,track
