,artistId,artistName,artistViewUrl,artworkUrl100,artworkUrl30,artworkUrl60,collectionArtistId,collectionArtistName,collectionCensoredName,collectionExplicitness,collectionId,collectionName,collectionPrice,collectionViewUrl,country,currency,discCount,discNumber,isStreamable,kind,previewUrl,primaryGenreName,releaseDate,trackCensoredName,trackCount,trackExplicitness,trackId,trackName,trackNumber,trackPrice,trackTimeMillis,trackViewUrl,wrapperType
0,514361724,Father John Misty,https://music.apple.com/us/artist/father-john-misty/514361724?uo=4,https://is5-ssl.mzstatic.com/image/thumb/Music6/v4/ef/1a/7d/ef1a7d79-76eb-4d29-d481-3a1c73c3d0d5/source/100x100bb.jpg,https://is5-ssl.mzstatic.com/image/thumb/Music6/v4/ef/1a/7d/ef1a7d79-76eb-4d29-d481-3a1c73c3d0d5/source/30x30bb.jpg,https://is5-ssl.mzstatic.com/image/thumb/Music6/v4/ef/1a/7d/ef1a7d79-76eb-4d29-d481-3a1c73c3d0d5/source/60x60bb.jpg,,,Fear Fun,notExplicit,669285159,Fear Fun,9.99,https://music.apple.com/us/album/hollywood-forever-cemetery-sings/669285159?i=669285168&uo=4,USA,USD,1,1,True,song,https://audio-ssl.itunes.apple.com/itunes-assets/Music6/v4/d4/b0/b6/d4b0b6a3-d6a8-86b8-82ee-6859819e10f3/mzaf_5506021221436219697.plus.aac.p.m4a,Alternative,2012-04-30T07:00:00Z,Hollywood Forever Cemetery Sings,12,notExplicit,669285168,Hollywood Forever Cemetery Sings,3,0.99,190613,https://music.apple.com/us/album/hollywood-forever-cemetery-sings/669285159?i=669285168&uo=4,track
1,514361724,Father John Misty,https://music.apple.com/us/artist/father-john-misty/514361724?uo=4,https://is3-ssl.mzstatic.com/image/thumb/Music18/v4/da/46/32/da463287-badb-2e60-1cfa-f39e5cb16b52/source/100x100bb.jpg,https://is3-ssl.mzstatic.com/image/thumb/Music18/v4/da/46/32/da463287-badb-2e60-1cfa-f39e5cb16b52/source/30x30bb.jpg,https://is3-ssl.mzstatic.com/image/thumb/Music18/v4/da/46/32/da463287-badb-2e60-1cfa-f39e5cb16b52/source/60x60bb.jpg,,,Real Love Baby - Single,notExplicit,1133711544,Real Love Baby - Single,0.99,https://music.apple.com/us/album/real-love-baby/1133711544?i=1133711685&uo=4,USA,USD,1,1,True,song,https://audio-ssl.itunes.apple.com/itunes-assets/AudioPreview18/v4/c9/0d/ad/c90dadd6-cf42-7e63-37e2-b71a733fb443/mzaf_367026677456518427.plus.aac.p.m4a,Alternative,2016-07-26T07:00:00Z,Real Love Baby,1,notExplicit,1133711685,Real Love Baby,1,0.99,189293,https://music.apple.com/us/album/real-love-baby/1133711544?i=1133711685&uo=4,track
2,514361724,Father John Misty,https://music.apple.com/us/artist/father-john-misty/514361724?uo=4,https://is4-ssl.mzstatic.com/image/thumb/Music5/v4/ef/fa/88/effa8845-544d-1770-4962-cf6ce4bb5da5/source/100x100bb.jpg,https://is4-ssl.mzstatic.com/image/thumb/Music5/v4/ef/fa/88/effa8845-544d-1770-4962-cf6ce4bb5da5/source/30x30bb.jpg,https://is4-ssl.mzstatic.com/image/thumb/Music5/v4/ef/fa/88/effa8845-544d-1770-4962-cf6ce4bb5da5/source/60x60bb.jpg,,,"I Love You, Honeybear",notExplicit,931563362,"I Love You, Honeybear",9.99,https://music.apple.com/us/album/i-love-you-honeybear/931563362?i=931563411&uo=4,USA,USD,1,1,True,song,https://audio-ssl.itunes.apple.com/itunes-assets/Music3/v4/99/ae/61/99ae611d-7cd5-d1cc-c64f-e1bf8aa57b09/mzaf_8763850366878660911.plus.aac.p.m4a,Alternative,2015-02-09T08:00:00Z,"I Love You, Honeybear",11,notExplicit,931563411,"I Love You, Honeybear",1,0.99,278773,https://music.apple.com/us/album/i-love-you-honeybear/931563362?i=931563411&uo=4,track
3,514361724,Father John Misty,https://music.apple.com/us/artist/father-john-misty/514361724?uo=4,https://is4-ssl.mzstatic.com/image/thumb/Music5/v4/ef/fa/88/effa8845-544d-1770-4962-cf6ce4bb5da5/source/100x100bb.jpg,https://is4-ssl.mzstatic.com/image/thumb/Music5/v4/ef/fa/88/effa8845-544d-1770-4962-cf6ce4bb5da5/source/30x30bb.jpg,https://is4-ssl.mzstatic.com/image/thumb/Music5/v4/ef/fa/88/effa8845-544d-1770-4962-cf6ce4bb5da5/source/60x60bb.jpg,,,"I Love You, Honeybear",notExplicit,931563362,"I Love You, Honeybear",9.99,https://music.apple.com/us/album/nothing-good-ever-happens-at-the-goddamn-thirsty-crow/931563362?i=931563472&uo=4,USA,USD,1,1,True,song,https://audio-ssl.itunes.apple.com/itunes-assets/Music1/v4/47/c3/e3/47c3e372-cf56-9c90-0fb5-877a7f78a754/mzaf_2968203392442786792.plus.aac.p.m4a,Alternative,2015-02-09T08:00:00Z,Nothing Good Ever Happens At the Goddamn Thirsty Crow,11,notExplicit,931563472,Nothing Good Ever Happens At the Goddamn Thirsty Crow,6,0.99,274467,https://music.apple.com/us/album/nothing-good-ever-happens-at-the-goddamn-thirsty-crow/931563362?i=931563472&uo=4,track
4,514361724,Father John Misty,https://music.apple.com/us/artist/father-john-misty/514361724?uo=4,https://is4-ssl.mzstatic.com/image/thumb/Music5/v4/ef/fa/88/effa8845-544d-1770-4962-cf6ce4bb5da5/source/100x100bb.jpg,https://is4-ssl.mzstatic.com/image/thumb/Music5/v4/ef/fa/88/effa8845-544d-1770-4962-cf6ce4bb5da5/source/30x30bb.jpg,https://is4-ssl.mzstatic.com/image/thumb/Music5/v4/ef/fa/88/effa8845-544d-1770-4962-cf6ce4bb5da5/source/60x60bb.jpg,,,"I Love You, Honeybear",notExplicit,931563362,"I Love You, Honeybear",9.99,https://music.apple.com/us/album/i-went-to-the-store-one-day/931563362?i=931563840&uo=4,USA,USD,1,1,True,song,https://audio-ssl.itunes.apple.com/itunes-assets/Music1/v4/43/a2/ef/43a2efea-ce1c-aa62-243b-ee2aea6ec475/mzaf_8752956983126089292.plus.aac.p.m4a,Alternative,2015-02-09T08:00:00Z,I Went To the Store One Day,11,notExplicit,931563840,I Went To the Store One Day,11,0.99,266053,https://music.apple.com/us/album/i-went-to-the-store-one-day/931563362?i=931563840&uo=4,track
5,514361724,Father John Misty,https://music.apple.com/us/artist/father-john-misty/514361724?uo=4,https://is4-ssl.mzstatic.com/image/thumb/Music5/v4/ef/fa/88/effa8845-544d-1770-4962-cf6ce4bb5da5/source/100x100bb.jpg,https://is4-ssl.mzstatic.com/image/thumb/Music5/v4/ef/fa/88/effa8845-544d-1770-4962-cf6ce4bb5da5/source/30x30bb.jpg,https://is4-ssl.mzstatic.com/image/thumb/Music5/v4/ef/fa/88/effa8845-544d-1770-4962-cf6ce4bb5da5/source/60x60bb.jpg,,,"I Love You, Honeybear",notExplicit,931563362,"I Love You, Honeybear",9.99,https://music.apple.com/us/album/chateau-lobby-4-in-c-for-two-virgins/931563362?i=931563426&uo=4,USA,USD,1,1,True,song,https://audio-ssl.itunes.apple.com/itunes-assets/Music1/v4/d3/c2/6e/d3c26e97-6ba0-10d3-df70-689c19545c06/mzaf_1165520516035552997.plus.aac.p.m4a,Alternative,2015-02-09T08:00:00Z,Chateau Lobby #4 (in C for Two Virgins),11,notExplicit,931563426,Chateau Lobby #4 (in C for Two Virgins),2,0.99,170827,https://music.apple.com/us/album/chateau-lobby-4-in-c-for-two-virgins/931563362?i=931563426&uo=4,track
6,514361724,Father John Misty,https://music.apple.com/us/artist/father-john-misty/514361724?uo=4,https://is3-ssl.mzstatic.com/image/thumb/Music122/v4/85/7f/f2/857ff2ef-e3c7-c529-8e8a-5f87261e7a3d/source/100x100bb.jpg,https://is3-ssl.mzstatic.com/image/thumb/Music122/v4/85/7f/f2/857ff2ef-e3c7-c529-8e8a-5f87261e7a3d/source/30x30bb.jpg,https://is3-ssl.mzstatic.com/image/thumb/Music122/v4/85/7f/f2/857ff2ef-e3c7-c529-8e8a-5f87261e7a3d/source/60x60bb.jpg,,,Pure Comedy,notExplicit,1193788689,Pure Comedy,9.99,https://music.apple.com/us/album/total-entertainment-forever/1193788689?i=1193789267&uo=4,USA,USD,1,1,True,song,https://audio-ssl.itunes.apple.com/itunes-assets/AudioPreview111/v4/1e/5a/4e/1e5a4e78-4ae9-d934-ec4d-be6b43cafd65/mzaf_6495625957980072717.plus.aac.p.m4a,Alternative,2017-03-04T12:00:00Z,Total Entertainment Forever,13,notExplicit,1193789267,Total Entertainment Forever,2,0.99,173893,https://music.apple.com/us/album/total-entertainment-forever/1193788689?i=1193789267&uo=4,track
7,1164655225,SI Istwa & Father John Misty,https://music.apple.com/us/artist/si-istwa/1164655225?uo=4,https://is1-ssl.mzstatic.com/image/thumb/Music128/v4/36/63/b8/3663b89c-4eec-2ecc-4851-93bfae04a630/source/100x100bb.jpg,https://is1-ssl.mzstatic.com/image/thumb/Music128/v4/36/63/b8/3663b89c-4eec-2ecc-4851-93bfae04a630/source/30x30bb.jpg,https://is1-ssl.mzstatic.com/image/thumb/Music128/v4/36/63/b8/3663b89c-4eec-2ecc-4851-93bfae04a630/source/60x60bb.jpg,36270.0,Various Artists,True Detective (Music from the HBO Series),notExplicit,1440871772,True Detective (Music from the HBO Series),11.99,https://music.apple.com/us/album/the-angry-river/1440871772?i=1440871982&uo=4,USA,USD,1,1,True,song,https://audio-ssl.itunes.apple.com/itunes-assets/AudioPreview118/v4/93/d5/a0/93d5a0c7-b6ce-53f7-9d7c-db629a9948cf/mzaf_3911476061311732917.plus.aac.p.m4a,Soundtrack,2015-08-14T12:00:00Z,The Angry River,14,notExplicit,1440871982,The Angry River,14,1.29,175240,https://music.apple.com/us/album/the-angry-river/1440871772?i=1440871982&uo=4,track
8,514361724,Father John Misty,https://music.apple.com/us/artist/father-john-misty/514361724?uo=4,https://is2-ssl.mzstatic.com/image/thumb/Music128/v4/5c/e1/db/5ce1db2d-6b3d-4afe-018b-f4998f3dba77/source/100x100bb.jpg,https://is2-ssl.mzstatic.com/image/thumb/Music128/v4/5c/e1/db/5ce1db2d-6b3d-4afe-018b-f4998f3dba77/source/30x30bb.jpg,https://is2-ssl.mzstatic.com/image/thumb/Music128/v4/5c/e1/db/5ce1db2d-6b3d-4afe-018b-f4998f3dba77/source/60x60bb.jpg,,,God's Favorite Customer,notExplicit,1364116200,God's Favorite Customer,9.99,https://music.apple.com/us/album/mr-tillman/1364116200?i=1364116323&uo=4,USA,USD,1,1,True,song,https://audio-ssl.itunes.apple.com/itunes-assets/AudioPreview128/v4/6b/9a/52/6b9a5222-4217-3253-9e49-ff966a1ccfc1/mzaf_553050183537386307.plus.aac.p.m4a,Alternative,2018-02-20T12:00:00Z,Mr. Tillman,10,notExplicit,1364116323,Mr. Tillman,2,1.29,183533,https://music.apple.com/us/album/mr-tillman/1364116200?i=1364116323&uo=4,track
9,514361724,Father John Misty,https://music.apple.com/us/artist/father-john-misty/514361724?uo=4,https://is4-ssl.mzstatic.com/image/thumb/Music5/v4/ef/fa/88/effa8845-544d-1770-4962-cf6ce4bb5da5/source/100x100bb.jpg,https://is4-ssl.mzstatic.com/image/thumb/Music5/v4/ef/fa/88/effa8845-544d-1770-4962-cf6ce4bb5da5/source/30x30bb.jpg,https://is4-ssl.mzstatic.com/image/thumb/Music5/v4/ef/fa/88/effa8845-544d-1770-4962-cf6ce4bb5da5/source/60x60bb.jpg,,,"I Love You, Honeybear",notExplicit,931563362,"I Love You, Honeybear",9.99,https://music.apple.com/us/album/holy-s-t/931563362?i=931563827&uo=4,USA,USD,1,1,True,song,https://audio-ssl.itunes.apple.com/itunes-assets/Music3/v4/fc/c3/83/fcc3831f-0714-51e6-854e-63f265f59b3c/mzaf_5970296303559800018.plus.aac.p.m4a,Alternative,2015-02-09T08:00:00Z,Holy S**t,11,notExplicit,931563827,Holy Shit,10,0.99,241333,https://music.apple.com/us/album/holy-s-t/931563362?i=931563827&uo=4,track
10,514361724,Father John Misty,https://music.apple.com/us/artist/father-john-misty/514361724?uo=4,https://is4-ssl.mzstatic.com/image/thumb/Music5/v4/ef/fa/88/effa8845-544d-1770-4962-cf6ce4bb5da5/source/100x100bb.jpg,https://is4-ssl.mzstatic.com/image/thumb/Music5/v4/ef/fa/88/effa8845-544d-1770-4962-cf6ce4bb5da5/source/30x30bb.jpg,https://is4-ssl.mzstatic.com/image/thumb/Music5/v4/ef/fa/88/effa8845-544d-1770-4962-cf6ce4bb5da5/source/60x60bb.jpg,,,"I Love You, Honeybear",notExplicit,931563362,"I Love You, Honeybear",9.99,https://music.apple.com/us/album/bored-in-the-usa/931563362?i=931563693&uo=4,USA,USD,1,1,True,song,https://audio-ssl.itunes.apple.com/itunes-assets/Music1/v4/37/b3/fe/37b3fe29-fa5a-e45e-6710-34b2b28320ca/mzaf_6851763195397753771.plus.aac.p.m4a,Alternative,2015-02-09T08:00:00Z,Bored In the USA,11,notExplicit,931563693,Bored In the USA,9,0.99,262013,https://music.apple.com/us/album/bored-in-the-usa/931563362?i=931563693&uo=4,track
11,514361724,Father John Misty,https://music.apple.com/us/artist/father-john-misty/514361724?uo=4,https://is5-ssl.mzstatic.com/image/thumb/Music6/v4/ef/1a/7d/ef1a7d79-76eb-4d29-d481-3a1c73c3d0d5/source/100x100bb.jpg,https://is5-ssl.mzstatic.com/image/thumb/Music6/v4/ef/1a/7d/ef1a7d79-76eb-4d29-d481-3a1c73c3d0d5/source/30x30bb.jpg,https://is5-ssl.mzstatic.com/image/thumb/Music6/v4/ef/1a/7d/ef1a7d79-76eb-4d29-d481-3a1c73c3d0d5/source/60x60bb.jpg,,,Fear Fun,notExplicit,669285159,Fear Fun,9.99,https://music.apple.com/us/album/now-im-learning-to-love-the-war/669285159?i=669285376&uo=4,USA,USD,1,1,True,song,https://audio-ssl.itunes.apple.com/itunes-assets/Music4/v4/42/5b/98/425b9893-8dbc-160f-d10d-48c453a3a82d/mzaf_748954487186121740.plus.aac.p.m4a,Alternative,2012-04-30T07:00:00Z,Now I'm Learning to Love the War,12,notExplicit,669285376,Now I'm Learning to Love the War,10,0.99,256560,https://music.apple.com/us/album/now-im-learning-to-love-the-war/669285159?i=669285376&uo=4,track
12,514361724,Father John Misty,https://music.apple.com/us/artist/father-john-misty/514361724?uo=4,https://is3-ssl.mzstatic.com/image/thumb/Music122/v4/85/7f/f2/857ff2ef-e3c7-c529-8e8a-5f87261e7a3d/source/100x100bb.jpg,https://is3-ssl.mzstatic.com/image/thumb/Music122/v4/85/7f/f2/857ff2ef-e3c7-c529-8e8a-5f87261e7a3d/source/30x30bb.jpg,https://is3-ssl.mzstatic.com/image/thumb/Music122/v4/85/7f/f2/857ff2ef-e3c7-c529-8e8a-5f87261e7a3d/source/60x60bb.jpg,,,Pure Comedy,notExplicit,1193788689,Pure Comedy,9.99,https://music.apple.com/us/album/ballad-of-the-dying-man/1193788689?i=1193789269&uo=4,USA,USD,1,1,True,song,https://audio-ssl.itunes.apple.com/itunes-assets/AudioPreview122/v4/3d/32/6b/3d326baa-a423-4851-5da5-49b4198f5394/mzaf_5695709449670850624.plus.aac.p.m4a,Alternative,2017-02-01T12:00:00Z,Ballad of the Dying Man,13,notExplicit,1193789269,Ballad of the Dying Man,4,0.99,290736,https://music.apple.com/us/album/ballad-of-the-dying-man/1193788689?i=1193789269&uo=4,track
13,514361724,Father John Misty,https://music.apple.com/us/artist/father-john-misty/514361724?uo=4,https://is3-ssl.mzstatic.com/image/thumb/Music4/v4/6e/f8/fb/6ef8fb30-5513-bb33-0a2c-0f5dab9cad9b/source/100x100bb.jpg,https://is3-ssl.mzstatic.com/image/thumb/Music4/v4/6e/f8/fb/6ef8fb30-5513-bb33-0a2c-0f5dab9cad9b/source/30x30bb.jpg,https://is3-ssl.mzstatic.com/image/thumb/Music4/v4/6e/f8/fb/6ef8fb30-5513-bb33-0a2c-0f5dab9cad9b/source/60x60bb.jpg,36270.0,Various Artists,"Girls, Vol. 2: All Adventurous Women Do... (Music From the HBO® Original Series)",notExplicit,795414070,"Girls, Vol. 2: All Adventurous Women Do... (Music From the HBO® Original Series)",10.99,https://music.apple.com/us/album/nancy-from-now-on/795414070?i=795414089&uo=4,USA,USD,1,1,False,song,https://audio-ssl.itunes.apple.com/itunes-assets/Music6/v4/85/96/03/859603e2-fecb-4998-dfcd-4fe214a467ce/mzaf_5736337991814701472.plus.aac.p.m4a,Soundtrack,2012-04-30T12:00:00Z,Nancy From Now On,15,notExplicit,795414089,Nancy From Now On,11,-1.0,235027,https://music.apple.com/us/album/nancy-from-now-on/795414070?i=795414089&uo=4,track
14,514361724,Father John Misty,https://music.apple.com/us/artist/father-john-misty/514361724?uo=4,https://is3-ssl.mzstatic.com/image/thumb/Music122/v4/85/7f/f2/857ff2ef-e3c7-c529-8e8a-5f87261e7a3d/source/100x100bb.jpg,https://is3-ssl.mzstatic.com/image/thumb/Music122/v4/85/7f/f2/857ff2ef-e3c7-c529-8e8a-5f87261e7a3d/source/30x30bb.jpg,https://is3-ssl.mzstatic.com/image/thumb/Music122/v4/85/7f/f2/857ff2ef-e3c7-c529-8e8a-5f87261e7a3d/source/60x60bb.jpg,,,Pure Comedy,notExplicit,1193788689,Pure Comedy,9.99,https://music.apple.com/us/album/pure-comedy/1193788689?i=1193789011&uo=4,USA,USD,1,1,True,song,https://audio-ssl.itunes.apple.com/itunes-assets/AudioPreview111/v4/89/34/15/89341524-9427-bce8-538b-8fd164c75276/mzaf_6062475319834944001.plus.aac.p.m4a,Alternative,2017-01-23T08:00:00Z,Pure Comedy,13,notExplicit,1193789011,Pure Comedy,1,0.99,383800,https://music.apple.com/us/album/pure-comedy/1193788689?i=1193789011&uo=4,track
15,514361724,Father John Misty,https://music.apple.com/us/artist/father-john-misty/514361724?uo=4,https://is5-ssl.mzstatic.com/image/thumb/Music6/v4/ef/1a/7d/ef1a7d79-76eb-4d29-d481-3a1c73c3d0d5/source/100x100bb.jpg,https://is5-ssl.mzstatic.com/image/thumb/Music6/v4/ef/1a/7d/ef1a7d79-76eb-4d29-d481-3a1c73c3d0d5/source/30x30bb.jpg,https://is5-ssl.mzstatic.com/image/thumb/Music6/v4/ef/1a/7d/ef1a7d79-76eb-4d29-d481-3a1c73c3d0d5/source/60x60bb.jpg,,,Fear Fun,notExplicit,669285159,Fear Fun,9.99,https://music.apple.com/us/album/nancy-from-now-on/669285159?i=669285167&uo=4,USA,USD,1,1,True,song,https://audio-ssl.itunes.apple.com/itunes-assets/Music4/v4/0f/f9/89/0ff989b0-b4b4-cdc9-1316-5ebf56b272d3/mzaf_529271825906199220.plus.aac.p.m4a,Alternative,2012-04-30T07:00:00Z,Nancy From Now On,12,notExplicit,669285167,Nancy From Now On,2,0.99,234160,https://music.apple.com/us/album/nancy-from-now-on/669285159?i=669285167&uo=4,track
16,514361724,Father John Misty,https://music.apple.com/us/artist/father-john-misty/514361724?uo=4,https://is5-ssl.mzstatic.com/image/thumb/Music6/v4/ef/1a/7d/ef1a7d79-76eb-4d29-d481-3a1c73c3d0d5/source/100x100bb.jpg,https://is5-ssl.mzstatic.com/image/thumb/Music6/v4/ef/1a/7d/ef1a7d79-76eb-4d29-d481-3a1c73c3d0d5/source/30x30bb.jpg,https://is5-ssl.mzstatic.com/image/thumb/Music6/v4/ef/1a/7d/ef1a7d79-76eb-4d29-d481-3a1c73c3d0d5/source/60x60bb.jpg,,,Fear Fun,notExplicit,669285159,Fear Fun,9.99,https://music.apple.com/us/album/im-writing-a-novel/669285159?i=669285369&uo=4,USA,USD,1,1,True,song,https://audio-ssl.itunes.apple.com/itunes-assets/Music4/v4/e1/0c/e6/e10ce6ac-b01d-d185-e75a-241d2b5fa12f/mzaf_9088540547783402787.plus.aac.p.m4a,Alternative,2012-04-30T07:00:00Z,I'm Writing a Novel,12,notExplicit,669285369,I'm Writing a Novel,4,0.99,215147,https://music.apple.com/us/album/im-writing-a-novel/669285159?i=669285369&uo=4,track
17,514361724,Father John Misty,https://music.apple.com/us/artist/father-john-misty/514361724?uo=4,https://is3-ssl.mzstatic.com/image/thumb/Music122/v4/85/7f/f2/857ff2ef-e3c7-c529-8e8a-5f87261e7a3d/source/100x100bb.jpg,https://is3-ssl.mzstatic.com/image/thumb/Music122/v4/85/7f/f2/857ff2ef-e3c7-c529-8e8a-5f87261e7a3d/source/30x30bb.jpg,https://is3-ssl.mzstatic.com/image/thumb/Music122/v4/85/7f/f2/857ff2ef-e3c7-c529-8e8a-5f87261e7a3d/source/60x60bb.jpg,,,Pure Comedy,notExplicit,1193788689,Pure Comedy,9.99,https://music.apple.com/us/album/two-wildly-different-perspectives/1193788689?i=1193789290&uo=4,USA,USD,1,1,True,song,https://audio-ssl.itunes.apple.com/itunes-assets/AudioPreview111/v4/9f/c6/c4/9fc6c483-05b7-d8a1-f340-b2d8cf3641a3/mzaf_9044572511567445103.plus.aac.p.m4a,Alternative,2017-01-30T12:00:00Z,Two Wildly Different Perspectives,13,notExplicit,1193789290,Two Wildly Different Perspectives,10,0.99,192827,https://music.apple.com/us/album/two-wildly-different-perspectives/1193788689?i=1193789290&uo=4,track
18,514361724,Father John Misty,https://music.apple.com/us/artist/father-john-misty/514361724?uo=4,https://is4-ssl.mzstatic.com/image/thumb/Music5/v4/ef/fa/88/effa8845-544d-1770-4962-cf6ce4bb5da5/source/100x100bb.jpg,https://is4-ssl.mzstatic.com/image/thumb/Music5/v4/ef/fa/88/effa8845-544d-1770-4962-cf6ce4bb5da5/source/30x30bb.jpg,https://is4-ssl.mzstatic.com/image/thumb/Music5/v4/ef/fa/88/effa8845-544d-1770-4962-cf6ce4bb5da5/source/60x60bb.jpg,,,"I Love You, Honeybear",notExplicit,931563362,"I Love You, Honeybear",9.99,https://music.apple.com/us/album/true-affection/931563362?i=931563437&uo=4,USA,USD,1,1,True,song,https://audio-ssl.itunes.apple.com/itunes-assets/Music3/v4/d5/06/39/d5063949-c82c-57c6-16cd-62ddeb65e19f/mzaf_5815659261383405717.plus.aac.p.m4a,Alternative,2015-02-09T08:00:00Z,True Affection,11,notExplicit,931563437,True Affection,3,0.99,236600,https://music.apple.com/us/album/true-affection/931563362?i=931563437&uo=4,track
19,514361724,Father John Misty,https://music.apple.com/us/artist/father-john-misty/514361724?uo=4,https://is4-ssl.mzstatic.com/image/thumb/Music5/v4/ef/fa/88/effa8845-544d-1770-4962-cf6ce4bb5da5/source/100x100bb.jpg,https://is4-ssl.mzstatic.com/image/thumb/Music5/v4/ef/fa/88/effa8845-544d-1770-4962-cf6ce4bb5da5/source/30x30bb.jpg,https://is4-ssl.mzstatic.com/image/thumb/Music5/v4/ef/fa/88/effa8845-544d-1770-4962-cf6ce4bb5da5/source/60x60bb.jpg,,,"I Love You, Honeybear",notExplicit,931563362,"I Love You, Honeybear",9.99,https://music.apple.com/us/album/the-night-josh-tillman-came-to-our-apt/931563362?i=931563444&uo=4,USA,USD,1,1,True,song,https://audio-ssl.itunes.apple.com/itunes-assets/Music3/v4/0d/7e/d0/0d7ed087-1e29-a034-c11d-3f328dd01914/mzaf_950747937285302375.plus.aac.p.m4a,Alternative,2015-02-09T08:00:00Z,The Night Josh Tillman Came To Our Apt.,11,notExplicit,931563444,The Night Josh Tillman Came To Our Apt.,4,0.99,216187,https://music.apple.com/us/album/the-night-josh-tillman-came-to-our-apt/931563362?i=931563444&uo=4,track
20,514361724,Father John Misty,https://music.apple.com/us/artist/father-john-misty/514361724?uo=4,https://is4-ssl.mzstatic.com/image/thumb/Music5/v4/ef/fa/88/effa8845-544d-1770-4962-cf6ce4bb5da5/source/100x100bb.jpg,https://is4-ssl.mzstatic.com/image/thumb/Music5/v4/ef/fa/88/effa8845-544d-1770-4962-cf6ce4bb5da5/source/30x30bb.jpg,https://is4-ssl.mzstatic.com/image/thumb/Music5/v4/ef/fa/88/effa8845-544d-1770-4962-cf6ce4bb5da5/source/60x60bb.jpg,,,"I Love You, Honeybear",notExplicit,931563362,"I Love You, Honeybear",9.99,https://music.apple.com/us/album/strange-encounter/931563362?i=931563677&uo=4,USA,USD,1,1,True,song,https://audio-ssl.itunes.apple.com/itunes-assets/Music1/v4/68/b7/85/68b78526-cef1-2a3f-6237-e15640667fc0/mzaf_5313170113997919546.plus.aac.p.m4a,Alternative,2015-02-09T08:00:00Z,Strange Encounter,11,notExplicit,931563677,Strange Encounter,7,0.99,259360,https://music.apple.com/us/album/strange-encounter/931563362?i=931563677&uo=4,track
21,514361724,Father John Misty,https://music.apple.com/us/artist/father-john-misty/514361724?uo=4,https://is5-ssl.mzstatic.com/image/thumb/Music6/v4/ef/1a/7d/ef1a7d79-76eb-4d29-d481-3a1c73c3d0d5/source/100x100bb.jpg,https://is5-ssl.mzstatic.com/image/thumb/Music6/v4/ef/1a/7d/ef1a7d79-76eb-4d29-d481-3a1c73c3d0d5/source/30x30bb.jpg,https://is5-ssl.mzstatic.com/image/thumb/Music6/v4/ef/1a/7d/ef1a7d79-76eb-4d29-d481-3a1c73c3d0d5/source/60x60bb.jpg,,,Fear Fun,notExplicit,669285159,Fear Fun,9.99,https://music.apple.com/us/album/funtimes-in-babylon/669285159?i=669285162&uo=4,USA,USD,1,1,True,song,https://audio-ssl.itunes.apple.com/itunes-assets/Music6/v4/af/a5/b4/afa5b471-170c-22e3-f61f-bbfabea343e3/mzaf_6042687644489941196.plus.aac.p.m4a,Alternative,2012-04-30T07:00:00Z,Funtimes in Babylon,12,notExplicit,669285162,Funtimes in Babylon,1,0.99,219260,https://music.apple.com/us/album/funtimes-in-babylon/669285159?i=669285162&uo=4,track
22,514361724,Father John Misty,https://music.apple.com/us/artist/father-john-misty/514361724?uo=4,https://is5-ssl.mzstatic.com/image/thumb/Music6/v4/ef/1a/7d/ef1a7d79-76eb-4d29-d481-3a1c73c3d0d5/source/100x100bb.jpg,https://is5-ssl.mzstatic.com/image/thumb/Music6/v4/ef/1a/7d/ef1a7d79-76eb-4d29-d481-3a1c73c3d0d5/source/30x30bb.jpg,https://is5-ssl.mzstatic.com/image/thumb/Music6/v4/ef/1a/7d/ef1a7d79-76eb-4d29-d481-3a1c73c3d0d5/source/60x60bb.jpg,,,Fear Fun,notExplicit,669285159,Fear Fun,9.99,https://music.apple.com/us/album/o-i-long-to-feel-your-arms-around-me/669285159?i=669285370&uo=4,USA,USD,1,1,True,song,https://audio-ssl.itunes.apple.com/itunes-assets/Music6/v4/56/54/17/565417f7-7952-18c5-cdeb-a3565ca8ea73/mzaf_1952587481018232349.plus.aac.p.m4a,Alternative,2012-04-30T07:00:00Z,O I Long to Feel Your Arms Around Me,12,notExplicit,669285370,O I Long to Feel Your Arms Around Me,5,0.99,143240,https://music.apple.com/us/album/o-i-long-to-feel-your-arms-around-me/669285159?i=669285370&uo=4,track
23,514361724,Father John Misty,https://music.apple.com/us/artist/father-john-misty/514361724?uo=4,https://is5-ssl.mzstatic.com/image/thumb/Music6/v4/ef/1a/7d/ef1a7d79-76eb-4d29-d481-3a1c73c3d0d5/source/100x100bb.jpg,https://is5-ssl.mzstatic.com/image/thumb/Music6/v4/ef/1a/7d/ef1a7d79-76eb-4d29-d481-3a1c73c3d0d5/source/30x30bb.jpg,https://is5-ssl.mzstatic.com/image/thumb/Music6/v4/ef/1a/7d/ef1a7d79-76eb-4d29-d481-3a1c73c3d0d5/source/60x60bb.jpg,,,Fear Fun,notExplicit,669285159,Fear Fun,9.99,https://music.apple.com/us/album/only-son-of-the-ladiesman/669285159?i=669285372&uo=4,USA,USD,1,1,True,song,https://audio-ssl.itunes.apple.com/itunes-assets/Music6/v4/63/ad/34/63ad34cd-cfc0-cbdc-c1ed-f702e44dad72/mzaf_1912212250887260166.plus.aac.p.m4a,Alternative,2012-04-30T07:00:00Z,Only Son of the Ladiesman,12,notExplicit,669285372,Only Son of the Ladiesman,7,0.99,249040,https://music.apple.com/us/album/only-son-of-the-ladiesman/669285159?i=669285372&uo=4,track
24,514361724,Father John Misty,https://music.apple.com/us/artist/father-john-misty/514361724?uo=4,https://is4-ssl.mzstatic.com/image/thumb/Music5/v4/ef/fa/88/effa8845-544d-1770-4962-cf6ce4bb5da5/source/100x100bb.jpg,https://is4-ssl.mzstatic.com/image/thumb/Music5/v4/ef/fa/88/effa8845-544d-1770-4962-cf6ce4bb5da5/source/30x30bb.jpg,https://is4-ssl.mzstatic.com/image/thumb/Music5/v4/ef/fa/88/effa8845-544d-1770-4962-cf6ce4bb5da5/source/60x60bb.jpg,,,"I Love You, Honeybear",notExplicit,931563362,"I Love You, Honeybear",9.99,https://music.apple.com/us/album/the-ideal-husband/931563362?i=931563681&uo=4,USA,USD,1,1,True,song,https://audio-ssl.itunes.apple.com/itunes-assets/Music5/v4/bb/58/27/bb582719-ab6c-f3ec-bfb8-4854fa8569ca/mzaf_3707976440757775612.plus.aac.p.m4a,Alternative,2015-02-09T08:00:00Z,The Ideal Husband,11,notExplicit,931563681,The Ideal Husband,8,0.99,215373,https://music.apple.com/us/album/the-ideal-husband/931563362?i=931563681&uo=4,track
25,514361724,Father John Misty,https://music.apple.com/us/artist/father-john-misty/514361724?uo=4,https://is4-ssl.mzstatic.com/image/thumb/Music5/v4/ef/fa/88/effa8845-544d-1770-4962-cf6ce4bb5da5/source/100x100bb.jpg,https://is4-ssl.mzstatic.com/image/thumb/Music5/v4/ef/fa/88/effa8845-544d-1770-4962-cf6ce4bb5da5/source/30x30bb.jpg,https://is4-ssl.mzstatic.com/image/thumb/Music5/v4/ef/fa/88/effa8845-544d-1770-4962-cf6ce4bb5da5/source/60x60bb.jpg,,,"I Love You, Honeybear",notExplicit,931563362,"I Love You, Honeybear",9.99,https://music.apple.com/us/album/when-youre-smiling-and-astride-me/931563362?i=931563457&uo=4,USA,USD,1,1,True,song,https://audio-ssl.itunes.apple.com/itunes-assets/Music1/v4/40/18/88/40188819-2395-b32a-ae02-de7c7041e277/mzaf_3067746632872707705.plus.aac.p.m4a,Alternative,2015-02-09T08:00:00Z,When You're Smiling and Astride Me,11,notExplicit,931563457,When You're Smiling and Astride Me,5,0.99,274053,https://music.apple.com/us/album/when-youre-smiling-and-astride-me/931563362?i=931563457&uo=4,track
26,514361724,Father John Misty,https://music.apple.com/us/artist/father-john-misty/514361724?uo=4,https://is5-ssl.mzstatic.com/image/thumb/Music6/v4/ef/1a/7d/ef1a7d79-76eb-4d29-d481-3a1c73c3d0d5/source/100x100bb.jpg,https://is5-ssl.mzstatic.com/image/thumb/Music6/v4/ef/1a/7d/ef1a7d79-76eb-4d29-d481-3a1c73c3d0d5/source/30x30bb.jpg,https://is5-ssl.mzstatic.com/image/thumb/Music6/v4/ef/1a/7d/ef1a7d79-76eb-4d29-d481-3a1c73c3d0d5/source/60x60bb.jpg,,,Fear Fun,notExplicit,669285159,Fear Fun,9.99,https://music.apple.com/us/album/well-you-can-do-it-without-me/669285159?i=669285375&uo=4,USA,USD,1,1,True,song,https://audio-ssl.itunes.apple.com/itunes-assets/Music6/v4/a9/3a/0f/a93a0f37-a956-d490-92dc-b5a90481f759/mzaf_1345038476517865087.plus.aac.p.m4a,Alternative,2012-04-30T07:00:00Z,"Well, You Can Do It Without Me",12,notExplicit,669285375,"Well, You Can Do It Without Me",9,0.99,163253,https://music.apple.com/us/album/well-you-can-do-it-without-me/669285159?i=669285375&uo=4,track
27,514361724,Father John Misty,https://music.apple.com/us/artist/father-john-misty/514361724?uo=4,https://is3-ssl.mzstatic.com/image/thumb/Music122/v4/85/7f/f2/857ff2ef-e3c7-c529-8e8a-5f87261e7a3d/source/100x100bb.jpg,https://is3-ssl.mzstatic.com/image/thumb/Music122/v4/85/7f/f2/857ff2ef-e3c7-c529-8e8a-5f87261e7a3d/source/30x30bb.jpg,https://is3-ssl.mzstatic.com/image/thumb/Music122/v4/85/7f/f2/857ff2ef-e3c7-c529-8e8a-5f87261e7a3d/source/60x60bb.jpg,,,Pure Comedy,notExplicit,1193788689,Pure Comedy,9.99,https://music.apple.com/us/album/birdie/1193788689?i=1193789270&uo=4,USA,USD,1,1,True,song,https://audio-ssl.itunes.apple.com/itunes-assets/AudioPreview122/v4/56/a2/6d/56a26d21-0e41-0e33-cbc9-5f8b740284e0/mzaf_2874790009828834303.plus.aac.p.m4a,Alternative,2017-04-07T07:00:00Z,Birdie,13,notExplicit,1193789270,Birdie,5,0.99,319551,https://music.apple.com/us/album/birdie/1193788689?i=1193789270&uo=4,track
28,514361724,Father John Misty,https://music.apple.com/us/artist/father-john-misty/514361724?uo=4,https://is5-ssl.mzstatic.com/image/thumb/Music6/v4/ef/1a/7d/ef1a7d79-76eb-4d29-d481-3a1c73c3d0d5/source/100x100bb.jpg,https://is5-ssl.mzstatic.com/image/thumb/Music6/v4/ef/1a/7d/ef1a7d79-76eb-4d29-d481-3a1c73c3d0d5/source/30x30bb.jpg,https://is5-ssl.mzstatic.com/image/thumb/Music6/v4/ef/1a/7d/ef1a7d79-76eb-4d29-d481-3a1c73c3d0d5/source/60x60bb.jpg,,,Fear Fun,notExplicit,669285159,Fear Fun,9.99,https://music.apple.com/us/album/mistys-nightmares-1-2/669285159?i=669285371&uo=4,USA,USD,1,1,True,song,https://audio-ssl.itunes.apple.com/itunes-assets/Music6/v4/8a/61/e5/8a61e595-4203-3e77-bbdd-03c4a78fe4db/mzaf_5243269976108899578.plus.aac.p.m4a,Alternative,2012-04-30T07:00:00Z,Misty's Nightmares 1 & 2,12,notExplicit,669285371,Misty's Nightmares 1 & 2,6,0.99,193067,https://music.apple.com/us/album/mistys-nightmares-1-2/669285159?i=669285371&uo=4,track
29,514361724,Father John Misty,https://music.apple.com/us/artist/father-john-misty/514361724?uo=4,https://is5-ssl.mzstatic.com/image/thumb/Music6/v4/ef/1a/7d/ef1a7d79-76eb-4d29-d481-3a1c73c3d0d5/source/100x100bb.jpg,https://is5-ssl.mzstatic.com/image/thumb/Music6/v4/ef/1a/7d/ef1a7d79-76eb-4d29-d481-3a1c73c3d0d5/source/30x30bb.jpg,https://is5-ssl.mzstatic.com/image/thumb/Music6/v4/ef/1a/7d/ef1a7d79-76eb-4d29-d481-3a1c73c3d0d5/source/60x60bb.jpg,,,Fear Fun,notExplicit,669285159,Fear Fun,9.99,https://music.apple.com/us/album/everyman-needs-a-companion/669285159?i=669285380&uo=4,USA,USD,1,1,True,song,https://audio-ssl.itunes.apple.com/itunes-assets/Music6/v4/18/56/c2/1856c2ef-9f37-b4c7-1c8e-267ab9f8031f/mzaf_5891479757679747218.plus.aac.p.m4a,Alternative,2012-04-30T07:00:00Z,Everyman Needs a Companion,12,notExplicit,669285380,Everyman Needs a Companion,12,0.99,318335,https://music.apple.com/us/album/everyman-needs-a-companion/669285159?i=669285380&uo=4,track
30,514361724,Father John Misty,https://music.apple.com/us/artist/father-john-misty/514361724?uo=4,https://is3-ssl.mzstatic.com/image/thumb/Music122/v4/85/7f/f2/857ff2ef-e3c7-c529-8e8a-5f87261e7a3d/source/100x100bb.jpg,https://is3-ssl.mzstatic.com/image/thumb/Music122/v4/85/7f/f2/857ff2ef-e3c7-c529-8e8a-5f87261e7a3d/source/30x30bb.jpg,https://is3-ssl.mzstatic.com/image/thumb/Music122/v4/85/7f/f2/857ff2ef-e3c7-c529-8e8a-5f87261e7a3d/source/60x60bb.jpg,,,Pure Comedy,notExplicit,1193788689,Pure Comedy,9.99,https://music.apple.com/us/album/when-the-god-of-love-returns-therell-be-hell-to-pay/1193788689?i=1193789278&uo=4,USA,USD,1,1,True,song,https://audio-ssl.itunes.apple.com/itunes-assets/AudioPreview122/v4/2f/60/ba/2f60baa1-27be-d5ce-35eb-3f3bb2ab9759/mzaf_2451053023999585737.plus.aac.p.m4a,Alternative,2017-04-07T07:00:00Z,When the God of Love Returns There'll Be Hell to Pay,13,notExplicit,1193789278,When the God of Love Returns There'll Be Hell to Pay,8,0.99,244491,https://music.apple.com/us/album/when-the-god-of-love-returns-therell-be-hell-to-pay/1193788689?i=1193789278&uo=4,track
31,514361724,Father John Misty,https://music.apple.com/us/artist/father-john-misty/514361724?uo=4,https://is3-ssl.mzstatic.com/image/thumb/Music122/v4/85/7f/f2/857ff2ef-e3c7-c529-8e8a-5f87261e7a3d/source/100x100bb.jpg,https://is3-ssl.mzstatic.com/image/thumb/Music122/v4/85/7f/f2/857ff2ef-e3c7-c529-8e8a-5f87261e7a3d/source/30x30bb.jpg,https://is3-ssl.mzstatic.com/image/thumb/Music122/v4/85/7f/f2/857ff2ef-e3c7-c529-8e8a-5f87261e7a3d/source/60x60bb.jpg,,,Pure Comedy,notExplicit,1193788689,Pure Comedy,9.99,https://music.apple.com/us/album/a-bigger-paper-bag/1193788689?i=1193789272&uo=4,USA,USD,1,1,True,song,https://audio-ssl.itunes.apple.com/itunes-assets/AudioPreview111/v4/38/74/5c/38745c23-c41c-3823-372a-e0939b0b31ac/mzaf_7132913929629062032.plus.aac.p.m4a,Alternative,2017-04-07T07:00:00Z,A Bigger Paper Bag,13,notExplicit,1193789272,A Bigger Paper Bag,7,0.99,281761,https://music.apple.com/us/album/a-bigger-paper-bag/1193788689?i=1193789272&uo=4,track
32,514361724,Father John Misty,https://music.apple.com/us/artist/father-john-misty/514361724?uo=4,https://is3-ssl.mzstatic.com/image/thumb/Music122/v4/85/7f/f2/857ff2ef-e3c7-c529-8e8a-5f87261e7a3d/source/100x100bb.jpg,https://is3-ssl.mzstatic.com/image/thumb/Music122/v4/85/7f/f2/857ff2ef-e3c7-c529-8e8a-5f87261e7a3d/source/30x30bb.jpg,https://is3-ssl.mzstatic.com/image/thumb/Music122/v4/85/7f/f2/857ff2ef-e3c7-c529-8e8a-5f87261e7a3d/source/60x60bb.jpg,,,Pure Comedy,notExplicit,1193788689,Pure Comedy,9.99,https://music.apple.com/us/album/so-im-growing-old-on-magic-mountain/1193788689?i=1193789331&uo=4,USA,USD,1,1,True,song,https://audio-ssl.itunes.apple.com/itunes-assets/AudioPreview122/v4/fe/ed/ae/feedae72-3bd4-f468-4ac9-48a9467cecb3/mzaf_7005194047447980010.plus.aac.p.m4a,Alternative,2017-04-07T07:00:00Z,So I'm Growing Old on Magic Mountain,13,notExplicit,1193789331,So I'm Growing Old on Magic Mountain,12,0.99,598269,https://music.apple.com/us/album/so-im-growing-old-on-magic-mountain/1193788689?i=1193789331&uo=4,track
33,514361724,Father John Misty,https://music.apple.com/us/artist/father-john-misty/514361724?uo=4,https://is5-ssl.mzstatic.com/image/thumb/Music6/v4/ef/1a/7d/ef1a7d79-76eb-4d29-d481-3a1c73c3d0d5/source/100x100bb.jpg,https://is5-ssl.mzstatic.com/image/thumb/Music6/v4/ef/1a/7d/ef1a7d79-76eb-4d29-d481-3a1c73c3d0d5/source/30x30bb.jpg,https://is5-ssl.mzstatic.com/image/thumb/Music6/v4/ef/1a/7d/ef1a7d79-76eb-4d29-d481-3a1c73c3d0d5/source/60x60bb.jpg,,,Fear Fun,notExplicit,669285159,Fear Fun,9.99,https://music.apple.com/us/album/this-is-sally-hatchet/669285159?i=669285373&uo=4,USA,USD,1,1,True,song,https://audio-ssl.itunes.apple.com/itunes-assets/Music4/v4/34/2e/52/342e5282-f286-669d-5c71-450456e0a08a/mzaf_2918885594011278225.plus.aac.p.m4a,Alternative,2012-04-30T07:00:00Z,This Is Sally Hatchet,12,notExplicit,669285373,This Is Sally Hatchet,8,0.99,237853,https://music.apple.com/us/album/this-is-sally-hatchet/669285159?i=669285373&uo=4,track
34,514361724,Father John Misty,https://music.apple.com/us/artist/father-john-misty/514361724?uo=4,https://is3-ssl.mzstatic.com/image/thumb/Music122/v4/85/7f/f2/857ff2ef-e3c7-c529-8e8a-5f87261e7a3d/source/100x100bb.jpg,https://is3-ssl.mzstatic.com/image/thumb/Music122/v4/85/7f/f2/857ff2ef-e3c7-c529-8e8a-5f87261e7a3d/source/30x30bb.jpg,https://is3-ssl.mzstatic.com/image/thumb/Music122/v4/85/7f/f2/857ff2ef-e3c7-c529-8e8a-5f87261e7a3d/source/60x60bb.jpg,,,Pure Comedy,notExplicit,1193788689,Pure Comedy,9.99,https://music.apple.com/us/album/in-twenty-years-or-so/1193788689?i=1193789335&uo=4,USA,USD,1,1,True,song,https://audio-ssl.itunes.apple.com/itunes-assets/AudioPreview111/v4/f6/b9/6c/f6b96cdd-64c9-23c6-6533-10afdb76c278/mzaf_7579063056996167609.plus.aac.p.m4a,Alternative,2017-04-07T07:00:00Z,In Twenty Years or So,13,notExplicit,1193789335,In Twenty Years or So,13,0.99,387168,https://music.apple.com/us/album/in-twenty-years-or-so/1193788689?i=1193789335&uo=4,track
35,514361724,Father John Misty,https://music.apple.com/us/artist/father-john-misty/514361724?uo=4,https://is3-ssl.mzstatic.com/image/thumb/Music122/v4/85/7f/f2/857ff2ef-e3c7-c529-8e8a-5f87261e7a3d/source/100x100bb.jpg,https://is3-ssl.mzstatic.com/image/thumb/Music122/v4/85/7f/f2/857ff2ef-e3c7-c529-8e8a-5f87261e7a3d/source/30x30bb.jpg,https://is3-ssl.mzstatic.com/image/thumb/Music122/v4/85/7f/f2/857ff2ef-e3c7-c529-8e8a-5f87261e7a3d/source/60x60bb.jpg,,,Pure Comedy,notExplicit,1193788689,Pure Comedy,9.99,https://music.apple.com/us/album/leaving-la/1193788689?i=1193789271&uo=4,USA,USD,1,1,True,song,https://audio-ssl.itunes.apple.com/itunes-assets/AudioPreview111/v4/02/85/23/028523f3-67cc-6dc8-ee39-3a8cb83ca28c/mzaf_7346616349082661078.plus.aac.p.m4a,Alternative,2017-04-07T07:00:00Z,Leaving LA,13,notExplicit,1193789271,Leaving LA,6,-1.0,791823,https://music.apple.com/us/album/leaving-la/1193788689?i=1193789271&uo=4,track
36,514361724,Father John Misty,https://music.apple.com/us/artist/father-john-misty/514361724?uo=4,https://is3-ssl.mzstatic.com/image/thumb/Music122/v4/85/7f/f2/857ff2ef-e3c7-c529-8e8a-5f87261e7a3d/source/100x100bb.jpg,https://is3-ssl.mzstatic.com/image/thumb/Music122/v4/85/7f/f2/857ff2ef-e3c7-c529-8e8a-5f87261e7a3d/source/30x30bb.jpg,https://is3-ssl.mzstatic.com/image/thumb/Music122/v4/85/7f/f2/857ff2ef-e3c7-c529-8e8a-5f87261e7a3d/source/60x60bb.jpg,,,Pure Comedy,notExplicit,1193788689,Pure Comedy,9.99,https://music.apple.com/us/album/smoochie/1193788689?i=1193789282&uo=4,USA,USD,1,1,True,song,https://audio-ssl.itunes.apple.com/itunes-assets/AudioPreview91/v4/28/52/c0/2852c0db-d6fd-9fde-8fef-1951890eea2e/mzaf_3988799052661936924.plus.aac.p.m4a,Alternative,2017-04-07T07:00:00Z,Smoochie,13,notExplicit,1193789282,Smoochie,9,0.99,225627,https://music.apple.com/us/album/smoochie/1193788689?i=1193789282&uo=4,track
37,514361724,Father John Misty,https://music.apple.com/us/artist/father-john-misty/514361724?uo=4,https://is5-ssl.mzstatic.com/image/thumb/Music6/v4/ef/1a/7d/ef1a7d79-76eb-4d29-d481-3a1c73c3d0d5/source/100x100bb.jpg,https://is5-ssl.mzstatic.com/image/thumb/Music6/v4/ef/1a/7d/ef1a7d79-76eb-4d29-d481-3a1c73c3d0d5/source/30x30bb.jpg,https://is5-ssl.mzstatic.com/image/thumb/Music6/v4/ef/1a/7d/ef1a7d79-76eb-4d29-d481-3a1c73c3d0d5/source/60x60bb.jpg,,,Fear Fun,notExplicit,669285159,Fear Fun,9.99,https://music.apple.com/us/album/tee-pees-1-12/669285159?i=669285377&uo=4,USA,USD,1,1,True,song,https://audio-ssl.itunes.apple.com/itunes-assets/Music4/v4/b0/9c/74/b09c74c9-254f-be97-efcf-c62c96693267/mzaf_3071193967296992091.plus.aac.p.m4a,Alternative,2012-04-30T07:00:00Z,Tee Pees 1-12,12,notExplicit,669285377,Tee Pees 1-12,11,0.99,196627,https://music.apple.com/us/album/tee-pees-1-12/669285159?i=669285377&uo=4,track
38,514361724,Father John Misty,https://music.apple.com/us/artist/father-john-misty/514361724?uo=4,https://is3-ssl.mzstatic.com/image/thumb/Music122/v4/85/7f/f2/857ff2ef-e3c7-c529-8e8a-5f87261e7a3d/source/100x100bb.jpg,https://is3-ssl.mzstatic.com/image/thumb/Music122/v4/85/7f/f2/857ff2ef-e3c7-c529-8e8a-5f87261e7a3d/source/30x30bb.jpg,https://is3-ssl.mzstatic.com/image/thumb/Music122/v4/85/7f/f2/857ff2ef-e3c7-c529-8e8a-5f87261e7a3d/source/60x60bb.jpg,,,Pure Comedy,notExplicit,1193788689,Pure Comedy,9.99,https://music.apple.com/us/album/things-it-would-have-been-helpful-to-know-before-revolution/1193788689?i=1193789268&uo=4,USA,USD,1,1,True,song,https://audio-ssl.itunes.apple.com/itunes-assets/AudioPreview122/v4/69/33/81/69338134-1237-2506-360b-4016f2e9d97e/mzaf_2169467895517347966.plus.aac.p.m4a,Alternative,2017-04-07T07:00:00Z,Things It Would Have Been Helpful to Know Before the Revolution,13,notExplicit,1193789268,Things It Would Have Been Helpful to Know Before the Revolution,3,0.69,258464,https://music.apple.com/us/album/things-it-would-have-been-helpful-to-know-before-revolution/1193788689?i=1193789268&uo=4,track
39,514361724,Father John Misty,https://music.apple.com/us/artist/father-john-misty/514361724?uo=4,https://is3-ssl.mzstatic.com/image/thumb/Music122/v4/85/7f/f2/857ff2ef-e3c7-c529-8e8a-5f87261e7a3d/source/100x100bb.jpg,https://is3-ssl.mzstatic.com/image/thumb/Music122/v4/85/7f/f2/857ff2ef-e3c7-c529-8e8a-5f87261e7a3d/source/30x30bb.jpg,https://is3-ssl.mzstatic.com/image/thumb/Music122/v4/85/7f/f2/857ff2ef-e3c7-c529-8e8a-5f87261e7a3d/source/60x60bb.jpg,,,Pure Comedy,notExplicit,1193788689,Pure Comedy,9.99,https://music.apple.com/us/album/the-memo/1193788689?i=1193789329&uo=4,USA,USD,1,1,True,song,https://audio-ssl.itunes.apple.com/itunes-assets/AudioPreview82/v4/15/03/60/1503608d-57ca-3a58-3bdf-c26c5d12f8e3/mzaf_6324867598328318814.plus.aac.p.m4a,Alternative,2017-04-07T07:00:00Z,The Memo,13,notExplicit,1193789329,The Memo,11,0.99,316584,https://music.apple.com/us/album/the-memo/1193788689?i=1193789329&uo=4,track
40,514361724,Father John Misty,https://music.apple.com/us/artist/father-john-misty/514361724?uo=4,https://is2-ssl.mzstatic.com/image/thumb/Music128/v4/5c/e1/db/5ce1db2d-6b3d-4afe-018b-f4998f3dba77/source/100x100bb.jpg,https://is2-ssl.mzstatic.com/image/thumb/Music128/v4/5c/e1/db/5ce1db2d-6b3d-4afe-018b-f4998f3dba77/source/30x30bb.jpg,https://is2-ssl.mzstatic.com/image/thumb/Music128/v4/5c/e1/db/5ce1db2d-6b3d-4afe-018b-f4998f3dba77/source/60x60bb.jpg,,,God's Favorite Customer,notExplicit,1364116200,God's Favorite Customer,9.99,https://music.apple.com/us/album/disappointing-diamonds-are-the-rarest-of-them-all/1364116200?i=1364116635&uo=4,USA,USD,1,1,True,song,https://audio-ssl.itunes.apple.com/itunes-assets/AudioPreview128/v4/cc/b6/35/ccb6351d-0b1e-6ede-8d77-311c4b9ece0c/mzaf_662154563846600831.plus.aac.p.m4a,Alternative,2018-04-18T12:00:00Z,Disappointing Diamonds Are the Rarest of Them All,10,notExplicit,1364116635,Disappointing Diamonds Are the Rarest of Them All,7,1.29,143005,https://music.apple.com/us/album/disappointing-diamonds-are-the-rarest-of-them-all/1364116200?i=1364116635&uo=4,track
41,514361724,Father John Misty,https://music.apple.com/us/artist/father-john-misty/514361724?uo=4,https://is2-ssl.mzstatic.com/image/thumb/Music128/v4/5c/e1/db/5ce1db2d-6b3d-4afe-018b-f4998f3dba77/source/100x100bb.jpg,https://is2-ssl.mzstatic.com/image/thumb/Music128/v4/5c/e1/db/5ce1db2d-6b3d-4afe-018b-f4998f3dba77/source/30x30bb.jpg,https://is2-ssl.mzstatic.com/image/thumb/Music128/v4/5c/e1/db/5ce1db2d-6b3d-4afe-018b-f4998f3dba77/source/60x60bb.jpg,,,God's Favorite Customer,notExplicit,1364116200,God's Favorite Customer,9.99,https://music.apple.com/us/album/the-palace/1364116200?i=1364116634&uo=4,USA,USD,1,1,True,song,https://audio-ssl.itunes.apple.com/itunes-assets/AudioPreview62/v4/c6/2d/94/c62d946f-abd9-30c2-fe8d-7f9c4e52b01d/mzaf_3479345147215525053.plus.aac.p.m4a,Alternative,2018-06-01T12:00:00Z,The Palace,10,notExplicit,1364116634,The Palace,6,1.29,249347,https://music.apple.com/us/album/the-palace/1364116200?i=1364116634&uo=4,track
42,514361724,Father John Misty,https://music.apple.com/us/artist/father-john-misty/514361724?uo=4,https://is2-ssl.mzstatic.com/image/thumb/Music128/v4/5c/e1/db/5ce1db2d-6b3d-4afe-018b-f4998f3dba77/source/100x100bb.jpg,https://is2-ssl.mzstatic.com/image/thumb/Music128/v4/5c/e1/db/5ce1db2d-6b3d-4afe-018b-f4998f3dba77/source/30x30bb.jpg,https://is2-ssl.mzstatic.com/image/thumb/Music128/v4/5c/e1/db/5ce1db2d-6b3d-4afe-018b-f4998f3dba77/source/60x60bb.jpg,,,God's Favorite Customer,notExplicit,1364116200,God's Favorite Customer,9.99,https://music.apple.com/us/album/gods-favorite-customer/1364116200?i=1364116636&uo=4,USA,USD,1,1,True,song,https://audio-ssl.itunes.apple.com/itunes-assets/AudioPreview128/v4/39/ea/5a/39ea5afc-26bb-866b-c405-eb041251a9da/mzaf_1765907765450744494.plus.aac.p.m4a,Alternative,2018-06-01T12:00:00Z,God's Favorite Customer,10,notExplicit,1364116636,God's Favorite Customer,8,1.29,321755,https://music.apple.com/us/album/gods-favorite-customer/1364116200?i=1364116636&uo=4,track
43,514361724,Father John Misty,https://music.apple.com/us/artist/father-john-misty/514361724?uo=4,https://is2-ssl.mzstatic.com/image/thumb/Music128/v4/5c/e1/db/5ce1db2d-6b3d-4afe-018b-f4998f3dba77/source/100x100bb.jpg,https://is2-ssl.mzstatic.com/image/thumb/Music128/v4/5c/e1/db/5ce1db2d-6b3d-4afe-018b-f4998f3dba77/source/30x30bb.jpg,https://is2-ssl.mzstatic.com/image/thumb/Music128/v4/5c/e1/db/5ce1db2d-6b3d-4afe-018b-f4998f3dba77/source/60x60bb.jpg,,,God's Favorite Customer,notExplicit,1364116200,God's Favorite Customer,9.99,https://music.apple.com/us/album/please-dont-die/1364116200?i=1364116327&uo=4,USA,USD,1,1,True,song,https://audio-ssl.itunes.apple.com/itunes-assets/AudioPreview128/v4/b7/19/bc/b719bc13-0c7e-b4e4-4419-02210dbe5fa8/mzaf_7615921012916179257.plus.aac.p.m4a,Alternative,2018-06-01T12:00:00Z,Please Don't Die,10,notExplicit,1364116327,Please Don't Die,5,1.29,204253,https://music.apple.com/us/album/please-dont-die/1364116200?i=1364116327&uo=4,track
44,514361724,Father John Misty,https://music.apple.com/us/artist/father-john-misty/514361724?uo=4,https://is2-ssl.mzstatic.com/image/thumb/Music128/v4/5c/e1/db/5ce1db2d-6b3d-4afe-018b-f4998f3dba77/source/100x100bb.jpg,https://is2-ssl.mzstatic.com/image/thumb/Music128/v4/5c/e1/db/5ce1db2d-6b3d-4afe-018b-f4998f3dba77/source/30x30bb.jpg,https://is2-ssl.mzstatic.com/image/thumb/Music128/v4/5c/e1/db/5ce1db2d-6b3d-4afe-018b-f4998f3dba77/source/60x60bb.jpg,,,God's Favorite Customer,notExplicit,1364116200,God's Favorite Customer,9.99,https://music.apple.com/us/album/were-only-people-and-theres-not-much-anyone-can-do-about-that/1364116200?i=1364116638&uo=4,USA,USD,1,1,True,song,https://audio-ssl.itunes.apple.com/itunes-assets/AudioPreview128/v4/35/39/0f/35390f30-3b26-f278-0f00-4ca6c58b931c/mzaf_3534692340855942191.plus.aac.p.m4a,Alternative,2018-06-01T12:00:00Z,We're Only People (And There's Not Much Anyone Can Do About That),10,notExplicit,1364116638,We're Only People (And There's Not Much Anyone Can Do About That),10,1.29,302098,https://music.apple.com/us/album/were-only-people-and-theres-not-much-anyone-can-do-about-that/1364116200?i=1364116638&uo=4,track
45,514361724,Father John Misty,https://music.apple.com/us/artist/father-john-misty/514361724?uo=4,https://is2-ssl.mzstatic.com/image/thumb/Music128/v4/5c/e1/db/5ce1db2d-6b3d-4afe-018b-f4998f3dba77/source/100x100bb.jpg,https://is2-ssl.mzstatic.com/image/thumb/Music128/v4/5c/e1/db/5ce1db2d-6b3d-4afe-018b-f4998f3dba77/source/30x30bb.jpg,https://is2-ssl.mzstatic.com/image/thumb/Music128/v4/5c/e1/db/5ce1db2d-6b3d-4afe-018b-f4998f3dba77/source/60x60bb.jpg,,,God's Favorite Customer,notExplicit,1364116200,God's Favorite Customer,9.99,https://music.apple.com/us/album/just-dumb-enough-to-try/1364116200?i=1364116324&uo=4,USA,USD,1,1,True,song,https://audio-ssl.itunes.apple.com/itunes-assets/AudioPreview128/v4/50/09/f3/5009f3d4-ee05-ffa8-b434-942e58018ff0/mzaf_977970431198588322.plus.aac.p.m4a,Alternative,2018-04-18T12:00:00Z,Just Dumb Enough to Try,10,notExplicit,1364116324,Just Dumb Enough to Try,3,1.29,242296,https://music.apple.com/us/album/just-dumb-enough-to-try/1364116200?i=1364116324&uo=4,track
46,514361724,Father John Misty,https://music.apple.com/us/artist/father-john-misty/514361724?uo=4,https://is2-ssl.mzstatic.com/image/thumb/Music128/v4/5c/e1/db/5ce1db2d-6b3d-4afe-018b-f4998f3dba77/source/100x100bb.jpg,https://is2-ssl.mzstatic.com/image/thumb/Music128/v4/5c/e1/db/5ce1db2d-6b3d-4afe-018b-f4998f3dba77/source/30x30bb.jpg,https://is2-ssl.mzstatic.com/image/thumb/Music128/v4/5c/e1/db/5ce1db2d-6b3d-4afe-018b-f4998f3dba77/source/60x60bb.jpg,,,God's Favorite Customer,notExplicit,1364116200,God's Favorite Customer,9.99,https://music.apple.com/us/album/hangout-at-the-gallows/1364116200?i=1364116322&uo=4,USA,USD,1,1,True,song,https://audio-ssl.itunes.apple.com/itunes-assets/AudioPreview128/v4/6b/e7/0a/6be70afa-877e-836e-3b63-fd483af41de5/mzaf_6330231561233935744.plus.aac.p.m4a,Alternative,2018-06-01T12:00:00Z,Hangout at the Gallows,10,notExplicit,1364116322,Hangout at the Gallows,1,1.29,295467,https://music.apple.com/us/album/hangout-at-the-gallows/1364116200?i=1364116322&uo=4,track
47,514361724,Father John Misty,https://music.apple.com/us/artist/father-john-misty/514361724?uo=4,https://is2-ssl.mzstatic.com/image/thumb/Music128/v4/5c/e1/db/5ce1db2d-6b3d-4afe-018b-f4998f3dba77/source/100x100bb.jpg,https://is2-ssl.mzstatic.com/image/thumb/Music128/v4/5c/e1/db/5ce1db2d-6b3d-4afe-018b-f4998f3dba77/source/30x30bb.jpg,https://is2-ssl.mzstatic.com/image/thumb/Music128/v4/5c/e1/db/5ce1db2d-6b3d-4afe-018b-f4998f3dba77/source/60x60bb.jpg,,,God's Favorite Customer,notExplicit,1364116200,God's Favorite Customer,9.99,https://music.apple.com/us/album/date-night/1364116200?i=1364116325&uo=4,USA,USD,1,1,True,song,https://audio-ssl.itunes.apple.com/itunes-assets/AudioPreview118/v4/b4/43/39/b4433941-92a0-8f79-564a-77260e1b73dd/mzaf_7404417056168267220.plus.aac.p.m4a,Alternative,2018-06-01T12:00:00Z,Date Night,10,notExplicit,1364116325,Date Night,4,1.29,150331,https://music.apple.com/us/album/date-night/1364116200?i=1364116325&uo=4,track
48,514361724,Father John Misty,https://music.apple.com/us/artist/father-john-misty/514361724?uo=4,https://is2-ssl.mzstatic.com/image/thumb/Music128/v4/5c/e1/db/5ce1db2d-6b3d-4afe-018b-f4998f3dba77/source/100x100bb.jpg,https://is2-ssl.mzstatic.com/image/thumb/Music128/v4/5c/e1/db/5ce1db2d-6b3d-4afe-018b-f4998f3dba77/source/30x30bb.jpg,https://is2-ssl.mzstatic.com/image/thumb/Music128/v4/5c/e1/db/5ce1db2d-6b3d-4afe-018b-f4998f3dba77/source/60x60bb.jpg,,,God's Favorite Customer,notExplicit,1364116200,God's Favorite Customer,9.99,https://music.apple.com/us/album/the-songwriter/1364116200?i=1364116637&uo=4,USA,USD,1,1,True,song,https://audio-ssl.itunes.apple.com/itunes-assets/AudioPreview128/v4/53/cc/41/53cc416b-e86a-09d1-0f6b-3266bf45ba17/mzaf_6418558560135232485.plus.aac.p.m4a,Alternative,2018-06-01T12:00:00Z,The Songwriter,10,notExplicit,1364116637,The Songwriter,9,1.29,225840,https://music.apple.com/us/album/the-songwriter/1364116200?i=1364116637&uo=4,track
49,514361724,Father John Misty,https://music.apple.com/us/artist/father-john-misty/514361724?uo=4,https://is2-ssl.mzstatic.com/image/thumb/Music118/v4/73/17/83/73178318-f50b-58f2-88ff-4f34dfd3b84d/source/100x100bb.jpg,https://is2-ssl.mzstatic.com/image/thumb/Music118/v4/73/17/83/73178318-f50b-58f2-88ff-4f34dfd3b84d/source/30x30bb.jpg,https://is2-ssl.mzstatic.com/image/thumb/Music118/v4/73/17/83/73178318-f50b-58f2-88ff-4f34dfd3b84d/source/60x60bb.jpg,36270.0,Various Artists,This Is Us - Season 2 (Music From the Series),notExplicit,1357268100,This Is Us - Season 2 (Music From the Series),9.99,https://music.apple.com/us/album/ballad-of-the-dying-man/1357268100?i=1357269683&uo=4,USA,USD,1,1,False,song,https://audio-ssl.itunes.apple.com/itunes-assets/AudioPreview128/v4/f4/2d/24/f42d243a-7e77-1ef1-0aca-25ac875bb17d/mzaf_6094377045047217637.plus.aac.p.m4a,Soundtrack,2017-02-01T12:00:00Z,Ballad of the Dying Man,17,notExplicit,1357269683,Ballad of the Dying Man,7,-1.0,292560,https://music.apple.com/us/album/ballad-of-the-dying-man/1357268100?i=1357269683&uo=4,track
